file,age,gender,race
1.jpg,29,Male,Asian
10.jpg,34,Male,Asian
10000.jpg,32,Female,Asian
10002.jpg,26,Male,Asian
10003.jpg,31,Male,Indian
10004.jpg,26,Male,Asian
10005.jpg,29,Female,Latino_Hispanic
10007.jpg,33,Female,Middle Eastern
10008.jpg,32,Female,Asian
1001.jpg,25,Male,Asian
10010.jpg,30,Female,Asian
10014.jpg,28,Male,Asian
10015.jpg,37,Male,Asian
10017.jpg,28,Male,Black
10018.jpg,33,Male,Latino_Hispanic
10019.jpg,29,Male,Asian
1002.jpg,28,Male,Black
10024.jpg,27,Male,Black
10027.jpg,28,Female,Asian
10028.jpg,29,Female,White
10037.jpg,35,Male,White
10040.jpg,31,Female,Black
10046.jpg,25,Male,Latino_Hispanic
10047.jpg,26,Male,Middle Eastern
10048.jpg,26,Male,Indian
10049.jpg,25,Male,Asian
10056.jpg,24,Male,Asian
10058.jpg,25,Male,Latino_Hispanic
10059.jpg,32,Male,Indian
10062.jpg,32,Male,Black
10064.jpg,25,Male,White
10066.jpg,28,Male,Asian
10070.jpg,26,Male,Asian
10071.jpg,38,Female,Indian
10075.jpg,24,Female,Latino_Hispanic
10076.jpg,26,Male,Black
10077.jpg,27,Male,Asian
10084.jpg,30,Male,Indian
10089.jpg,25,Male,Asian
1009.jpg,29,Male,Asian
10091.jpg,28,Male,Latino_Hispanic
10092.jpg,28,Male,Asian
10099.jpg,31,Male,Indian
101.jpg,33,Male,Asian
10100.jpg,27,Female,Indian
10104.jpg,33,Male,Middle Eastern
10107.jpg,25,Male,Asian
1011.jpg,28,Male,White
10111.jpg,26,Male,Asian
10112.jpg,26,Male,Black
10113.jpg,23,Male,Black
10114.jpg,23,Male,Middle Eastern
10118.jpg,33,Male,Asian
10119.jpg,28,Male,Asian
10120.jpg,29,Male,Latino_Hispanic
10125.jpg,25,Male,Black
10127.jpg,32,Female,Latino_Hispanic
10128.jpg,38,Male,White
10131.jpg,30,Female,White
10142.jpg,34,Male,White
10145.jpg,30,Male,White
10146.jpg,19,Male,White
10150.jpg,23,Male,Latino_Hispanic
10153.jpg,33,Female,Asian
10157.jpg,38,Male,Asian
10166.jpg,24,Male,Middle Eastern
1017.jpg,22,Male,White
10170.jpg,26,Male,White
10173.jpg,25,Female,White
10174.jpg,32,Male,Asian
10180.jpg,33,Female,Black
10183.jpg,28,Male,Latino_Hispanic
1019.jpg,31,Male,Black
10193.jpg,34,Male,Latino_Hispanic
10194.jpg,23,Male,White
10197.jpg,30,Male,Asian
102.jpg,29,Female,Asian
10202.jpg,24,Female,Latino_Hispanic
10205.jpg,33,Male,Asian
10206.jpg,30,Female,Indian
10209.jpg,33,Female,Latino_Hispanic
1021.jpg,32,Female,White
10217.jpg,24,Male,Asian
10222.jpg,31,Male,Asian
10224.jpg,24,Male,Middle Eastern
10226.jpg,25,Male,Asian
10228.jpg,26,Male,White
10233.jpg,27,Male,Asian
10235.jpg,28,Male,Black
10236.jpg,25,Male,Asian
10238.jpg,28,Male,Asian
10244.jpg,29,Male,Asian
10250.jpg,30,Male,White
10253.jpg,29,Female,White
10255.jpg,24,Male,Middle Eastern
10256.jpg,33,Male,Latino_Hispanic
10259.jpg,26,Male,Asian
10268.jpg,29,Male,Black
1027.jpg,29,Male,Latino_Hispanic
10272.jpg,31,Male,Asian
10274.jpg,29,Male,Middle Eastern
10278.jpg,31,Male,Asian
1028.jpg,25,Male,Indian
10281.jpg,33,Female,Asian
10282.jpg,26,Female,Asian
10289.jpg,29,Male,Black
10290.jpg,38,Male,Latino_Hispanic
10293.jpg,25,Male,Asian
10297.jpg,28,Male,Latino_Hispanic
10298.jpg,30,Female,Asian
10299.jpg,24,Male,Asian
10301.jpg,27,Male,Asian
10302.jpg,27,Male,Asian
10303.jpg,33,Female,Indian
10305.jpg,48,Male,White
1031.jpg,24,Male,Middle Eastern
10314.jpg,28,Male,Latino_Hispanic
10319.jpg,28,Male,Indian
1032.jpg,33,Male,White
10323.jpg,32,Male,Asian
10327.jpg,23,Male,Black
1033.jpg,28,Male,Indian
10338.jpg,35,Female,White
10339.jpg,33,Male,Black
10344.jpg,27,Male,Asian
10349.jpg,29,Male,Latino_Hispanic
10356.jpg,25,Male,Latino_Hispanic
10358.jpg,34,Female,Indian
10359.jpg,42,Female,Latino_Hispanic
10363.jpg,27,Male,Latino_Hispanic
10369.jpg,27,Female,Latino_Hispanic
10370.jpg,33,Male,Middle Eastern
10373.jpg,27,Male,Black
10374.jpg,26,Male,White
10376.jpg,23,Male,Black
1038.jpg,36,Female,White
10380.jpg,26,Male,Latino_Hispanic
10381.jpg,30,Male,Indian
10385.jpg,33,Female,Asian
10387.jpg,24,Female,White
10396.jpg,29,Female,White
10398.jpg,37,Male,Black
10399.jpg,32,Male,Middle Eastern
10408.jpg,29,Male,Black
10413.jpg,25,Male,Asian
10416.jpg,25,Male,White
10419.jpg,31,Male,Indian
1042.jpg,27,Male,Asian
10422.jpg,26,Male,Asian
1043.jpg,28,Male,Latino_Hispanic
10430.jpg,31,Male,Asian
10435.jpg,26,Male,Asian
10437.jpg,40,Female,White
10440.jpg,28,Female,Black
10447.jpg,40,Male,Middle Eastern
10448.jpg,24,Male,Latino_Hispanic
1045.jpg,28,Male,Asian
10450.jpg,25,Male,White
10455.jpg,28,Male,Asian
10457.jpg,25,Male,Middle Eastern
10458.jpg,33,Male,Indian
10466.jpg,25,Male,Asian
10467.jpg,29,Male,White
10469.jpg,36,Male,Middle Eastern
10473.jpg,29,Male,Asian
10478.jpg,32,Male,Asian
10481.jpg,34,Female,Asian
10482.jpg,28,Male,White
10483.jpg,40,Male,Asian
1049.jpg,32,Male,Black
10490.jpg,24,Male,Latino_Hispanic
10491.jpg,35,Male,Asian
10492.jpg,30,Male,Black
10493.jpg,24,Male,Indian
10495.jpg,31,Male,Black
10497.jpg,29,Male,Middle Eastern
10502.jpg,25,Male,Asian
10503.jpg,31,Male,White
10505.jpg,24,Male,Latino_Hispanic
10506.jpg,27,Male,White
10507.jpg,25,Male,Middle Eastern
10508.jpg,27,Male,Middle Eastern
1051.jpg,27,Male,Asian
10511.jpg,29,Male,Asian
10514.jpg,23,Male,Indian
10517.jpg,27,Male,Asian
10522.jpg,30,Male,Indian
10523.jpg,33,Female,Asian
10530.jpg,31,Female,Asian
10531.jpg,31,Male,Black
10532.jpg,23,Male,White
10533.jpg,39,Male,White
10537.jpg,30,Female,Indian
1054.jpg,28,Male,Indian
10540.jpg,32,Male,Indian
10542.jpg,29,Male,Latino_Hispanic
10544.jpg,32,Male,Latino_Hispanic
10548.jpg,38,Male,Asian
10549.jpg,31,Male,Latino_Hispanic
1055.jpg,27,Male,Asian
10553.jpg,23,Male,Asian
10555.jpg,25,Male,Asian
1056.jpg,30,Female,White
10560.jpg,34,Male,Black
10561.jpg,31,Female,Asian
10562.jpg,32,Male,White
10565.jpg,35,Female,Indian
1057.jpg,32,Male,White
10571.jpg,29,Male,Latino_Hispanic
10572.jpg,34,Female,White
10574.jpg,27,Male,Middle Eastern
10578.jpg,33,Male,Middle Eastern
1058.jpg,34,Male,Asian
10580.jpg,33,Male,Indian
10582.jpg,30,Male,Asian
10583.jpg,30,Female,White
10584.jpg,26,Male,Black
10585.jpg,29,Female,Asian
10588.jpg,29,Male,Latino_Hispanic
10590.jpg,37,Female,Indian
10591.jpg,25,Male,Asian
10593.jpg,25,Male,Asian
10599.jpg,37,Male,White
10600.jpg,34,Male,Black
10604.jpg,29,Male,Asian
10605.jpg,27,Male,White
10609.jpg,36,Male,Asian
10612.jpg,29,Male,White
10617.jpg,36,Male,White
10620.jpg,29,Female,Middle Eastern
10628.jpg,28,Male,White
10631.jpg,33,Male,White
10633.jpg,28,Male,White
1064.jpg,30,Female,Asian
10645.jpg,31,Female,Asian
10646.jpg,32,Male,Latino_Hispanic
10647.jpg,31,Male,White
10648.jpg,26,Female,Latino_Hispanic
10653.jpg,32,Female,Black
10654.jpg,30,Female,Latino_Hispanic
10656.jpg,34,Male,Indian
10657.jpg,25,Female,White
10658.jpg,27,Male,Asian
10662.jpg,30,Male,Latino_Hispanic
10663.jpg,26,Male,Indian
10665.jpg,35,Male,White
10668.jpg,28,Female,Latino_Hispanic
10669.jpg,28,Female,Black
10673.jpg,32,Female,Asian
10675.jpg,33,Male,Latino_Hispanic
10676.jpg,26,Male,Asian
10679.jpg,37,Female,Middle Eastern
10684.jpg,25,Male,Black
10685.jpg,31,Male,Latino_Hispanic
10687.jpg,27,Male,White
1069.jpg,32,Male,Black
10693.jpg,32,Female,White
10694.jpg,26,Female,Asian
10695.jpg,29,Male,Asian
10696.jpg,27,Male,Asian
10702.jpg,33,Male,White
10703.jpg,33,Male,Black
10710.jpg,27,Female,Latino_Hispanic
10711.jpg,26,Male,Latino_Hispanic
10713.jpg,28,Male,Middle Eastern
1072.jpg,32,Female,White
10723.jpg,29,Male,Black
10748.jpg,25,Male,Asian
10758.jpg,28,Male,Middle Eastern
10760.jpg,31,Male,White
10761.jpg,28,Male,White
10765.jpg,32,Male,Black
10766.jpg,29,Male,Asian
10768.jpg,30,Male,Latino_Hispanic
1077.jpg,27,Male,Indian
10772.jpg,25,Male,Asian
10773.jpg,24,Male,Black
10775.jpg,27,Male,Asian
10776.jpg,27,Male,Middle Eastern
10779.jpg,31,Male,White
1078.jpg,27,Male,Latino_Hispanic
10785.jpg,42,Male,Black
10787.jpg,32,Male,Middle Eastern
10788.jpg,37,Male,Latino_Hispanic
10789.jpg,46,Male,Middle Eastern
10790.jpg,34,Female,Black
10791.jpg,26,Male,Asian
10795.jpg,23,Male,White
10800.jpg,29,Male,Latino_Hispanic
10803.jpg,31,Female,Indian
10806.jpg,27,Male,Asian
10808.jpg,27,Male,Asian
10812.jpg,26,Male,Black
10815.jpg,29,Male,Indian
10823.jpg,37,Male,Latino_Hispanic
10827.jpg,30,Female,White
10828.jpg,31,Male,Indian
1083.jpg,33,Male,Asian
10833.jpg,29,Male,Asian
10834.jpg,27,Male,Latino_Hispanic
10838.jpg,35,Male,Latino_Hispanic
10839.jpg,25,Male,White
1084.jpg,29,Female,Asian
10841.jpg,30,Male,Middle Eastern
10847.jpg,33,Male,Asian
10849.jpg,25,Male,White
10851.jpg,34,Female,Indian
10854.jpg,23,Male,Middle Eastern
10855.jpg,24,Male,White
10856.jpg,31,Male,White
1086.jpg,24,Male,Latino_Hispanic
10861.jpg,34,Male,Indian
10864.jpg,40,Male,White
10868.jpg,33,Male,Asian
10869.jpg,32,Male,White
10875.jpg,26,Male,Black
10877.jpg,26,Male,Black
10879.jpg,36,Male,Latino_Hispanic
10880.jpg,31,Male,Middle Eastern
10886.jpg,29,Male,Asian
10889.jpg,26,Male,Black
10898.jpg,32,Male,White
10899.jpg,26,Female,Indian
109.jpg,31,Male,Indian
1090.jpg,34,Male,Asian
10900.jpg,31,Male,Latino_Hispanic
10902.jpg,42,Female,Latino_Hispanic
10903.jpg,25,Male,Black
10907.jpg,38,Male,Middle Eastern
10911.jpg,29,Male,Black
10912.jpg,26,Male,Middle Eastern
10913.jpg,41,Male,Asian
10915.jpg,29,Male,Asian
10919.jpg,24,Male,Asian
10921.jpg,28,Male,Latino_Hispanic
10924.jpg,37,Male,White
1093.jpg,24,Male,Middle Eastern
10930.jpg,29,Female,Asian
10931.jpg,31,Female,Asian
1094.jpg,33,Male,Latino_Hispanic
10942.jpg,28,Male,Latino_Hispanic
10944.jpg,25,Female,White
10947.jpg,31,Male,Asian
1095.jpg,25,Male,Indian
10950.jpg,29,Male,Middle Eastern
10951.jpg,29,Male,White
10952.jpg,29,Male,Asian
1098.jpg,27,Male,Asian
11.jpg,39,Male,Asian
1102.jpg,31,Male,Middle Eastern
1103.jpg,28,Male,Asian
1108.jpg,30,Male,Asian
111.jpg,25,Male,Asian
1112.jpg,30,Female,White
1119.jpg,31,Male,Asian
1121.jpg,28,Male,Asian
1123.jpg,25,Male,Black
1136.jpg,29,Male,White
1139.jpg,44,Male,Asian
1141.jpg,30,Male,Middle Eastern
115.jpg,30,Male,White
1150.jpg,31,Male,Middle Eastern
1154.jpg,23,Male,White
1156.jpg,28,Male,Latino_Hispanic
1157.jpg,27,Male,Middle Eastern
116.jpg,24,Male,White
1165.jpg,33,Male,White
1167.jpg,30,Male,White
1168.jpg,25,Male,White
1169.jpg,42,Male,Asian
117.jpg,29,Male,Indian
1171.jpg,29,Male,White
1174.jpg,34,Male,Asian
1175.jpg,26,Male,Asian
1176.jpg,40,Male,Asian
1177.jpg,26,Male,Latino_Hispanic
1178.jpg,27,Male,Asian
1180.jpg,27,Male,Asian
1182.jpg,28,Male,Middle Eastern
1187.jpg,45,Male,Latino_Hispanic
119.jpg,27,Male,White
1191.jpg,31,Male,Asian
1201.jpg,23,Male,Middle Eastern
1204.jpg,31,Female,Asian
1209.jpg,24,Male,Middle Eastern
121.jpg,25,Male,Asian
1211.jpg,37,Male,Latino_Hispanic
1214.jpg,29,Male,Asian
1215.jpg,31,Female,Asian
1217.jpg,23,Male,White
1220.jpg,29,Male,White
1226.jpg,31,Male,Black
1227.jpg,25,Male,Middle Eastern
1235.jpg,30,Male,White
124.jpg,27,Male,Asian
1240.jpg,36,Female,White
1241.jpg,25,Female,Black
1242.jpg,24,Male,Black
1251.jpg,30,Male,Asian
1256.jpg,27,Female,White
1257.jpg,31,Male,Asian
1259.jpg,32,Male,White
1260.jpg,41,Male,White
1261.jpg,26,Male,Asian
1270.jpg,32,Female,Latino_Hispanic
1272.jpg,33,Female,Latino_Hispanic
1273.jpg,23,Male,Asian
1274.jpg,39,Male,Latino_Hispanic
1276.jpg,27,Male,Asian
1278.jpg,32,Male,White
1280.jpg,35,Male,White
1282.jpg,25,Male,White
1283.jpg,28,Male,White
1286.jpg,27,Female,Latino_Hispanic
1287.jpg,31,Male,Asian
1289.jpg,27,Male,White
1293.jpg,29,Male,Asian
1295.jpg,35,Male,Latino_Hispanic
13.jpg,27,Male,Latino_Hispanic
1302.jpg,29,Male,White
1306.jpg,30,Male,White
1308.jpg,27,Male,Asian
1309.jpg,34,Female,White
1312.jpg,33,Female,Black
1315.jpg,31,Male,Latino_Hispanic
1317.jpg,34,Male,Middle Eastern
1320.jpg,24,Male,White
1326.jpg,23,Male,Latino_Hispanic
1327.jpg,28,Male,Latino_Hispanic
133.jpg,28,Male,Black
1336.jpg,26,Male,White
1339.jpg,34,Male,Middle Eastern
134.jpg,35,Male,Indian
1344.jpg,36,Male,White
1348.jpg,27,Male,Black
1349.jpg,25,Male,White
135.jpg,31,Male,Asian
1352.jpg,30,Male,Latino_Hispanic
1356.jpg,26,Male,Asian
1357.jpg,31,Male,Black
1359.jpg,28,Male,Middle Eastern
1360.jpg,24,Male,Latino_Hispanic
1363.jpg,23,Male,Asian
1370.jpg,35,Male,Black
1371.jpg,33,Female,Middle Eastern
1374.jpg,29,Male,White
1377.jpg,32,Male,White
1388.jpg,25,Male,Asian
139.jpg,32,Male,White
1390.jpg,37,Male,White
1393.jpg,32,Male,Asian
1396.jpg,27,Male,Indian
1399.jpg,25,Female,Latino_Hispanic
14.jpg,30,Male,Latino_Hispanic
1405.jpg,31,Male,Black
1409.jpg,28,Male,Middle Eastern
141.jpg,46,Male,Latino_Hispanic
1413.jpg,30,Male,Latino_Hispanic
1415.jpg,31,Male,Asian
1418.jpg,29,Male,Indian
1422.jpg,28,Male,Asian
1424.jpg,26,Male,Asian
1429.jpg,30,Male,Indian
1430.jpg,32,Male,White
1431.jpg,30,Female,White
1435.jpg,31,Male,Latino_Hispanic
1437.jpg,35,Male,Asian
144.jpg,30,Male,Middle Eastern
1445.jpg,26,Male,Asian
1452.jpg,27,Male,Latino_Hispanic
1455.jpg,25,Male,Black
1458.jpg,33,Male,Latino_Hispanic
1460.jpg,22,Male,Latino_Hispanic
1461.jpg,34,Female,Latino_Hispanic
1466.jpg,29,Male,Black
1467.jpg,41,Male,White
1471.jpg,32,Female,Asian
1473.jpg,32,Male,White
1474.jpg,30,Male,Asian
1479.jpg,33,Male,Middle Eastern
148.jpg,28,Male,White
1480.jpg,39,Male,White
1486.jpg,30,Male,White
1487.jpg,23,Male,White
1499.jpg,35,Male,Latino_Hispanic
15.jpg,31,Female,White
1501.jpg,30,Male,Asian
1505.jpg,25,Male,White
1507.jpg,25,Male,White
1511.jpg,31,Male,Middle Eastern
1520.jpg,24,Male,White
1521.jpg,30,Male,Middle Eastern
1523.jpg,27,Male,Asian
1524.jpg,24,Male,Middle Eastern
153.jpg,25,Male,Asian
1530.jpg,26,Male,Asian
1531.jpg,36,Male,Asian
1532.jpg,24,Male,White
1534.jpg,27,Male,White
1539.jpg,30,Male,Black
1541.jpg,26,Male,Asian
1543.jpg,34,Male,Black
1545.jpg,29,Male,Latino_Hispanic
1550.jpg,36,Male,Latino_Hispanic
1554.jpg,25,Male,Asian
1555.jpg,27,Male,Indian
1557.jpg,28,Female,Indian
1559.jpg,41,Male,Middle Eastern
1560.jpg,37,Female,White
1561.jpg,31,Male,Asian
1563.jpg,24,Male,Asian
1566.jpg,43,Male,Indian
157.jpg,26,Male,Middle Eastern
1570.jpg,42,Male,Latino_Hispanic
1572.jpg,26,Male,Asian
1579.jpg,28,Male,Asian
158.jpg,34,Female,White
1581.jpg,28,Female,Asian
1583.jpg,43,Male,Indian
1586.jpg,33,Male,Asian
1589.jpg,30,Male,White
1592.jpg,32,Female,Asian
1594.jpg,34,Female,Indian
1599.jpg,35,Male,Middle Eastern
1605.jpg,33,Male,Black
1606.jpg,38,Male,Asian
1609.jpg,39,Male,Indian
161.jpg,39,Male,Latino_Hispanic
1613.jpg,28,Male,Asian
1614.jpg,28,Female,Asian
1616.jpg,27,Male,Indian
1619.jpg,33,Female,Latino_Hispanic
1620.jpg,29,Male,White
1622.jpg,31,Male,Black
1623.jpg,34,Male,Indian
1625.jpg,31,Male,White
1626.jpg,26,Female,White
1627.jpg,29,Male,Asian
163.jpg,24,Male,White
1630.jpg,29,Male,White
1635.jpg,32,Male,Indian
1638.jpg,32,Male,White
1640.jpg,29,Male,Latino_Hispanic
1653.jpg,34,Male,Asian
1654.jpg,35,Male,Asian
1655.jpg,28,Male,Asian
1659.jpg,33,Male,Indian
1663.jpg,30,Male,Black
1664.jpg,31,Male,Indian
1665.jpg,32,Female,Latino_Hispanic
1667.jpg,30,Female,White
1668.jpg,22,Male,Latino_Hispanic
167.jpg,32,Male,Black
1671.jpg,26,Male,White
1672.jpg,28,Male,Black
1681.jpg,30,Male,Asian
1683.jpg,32,Male,Black
1689.jpg,29,Male,Middle Eastern
1690.jpg,28,Male,Latino_Hispanic
1695.jpg,25,Male,Asian
1696.jpg,37,Male,Asian
1698.jpg,24,Male,Asian
1699.jpg,27,Female,Latino_Hispanic
170.jpg,26,Female,Asian
1702.jpg,38,Male,Indian
1703.jpg,32,Female,Asian
1707.jpg,33,Male,White
1709.jpg,33,Male,Indian
171.jpg,34,Male,Black
1713.jpg,33,Male,Black
1719.jpg,39,Female,White
1720.jpg,30,Male,Asian
1721.jpg,22,Male,White
1724.jpg,27,Male,Asian
1726.jpg,30,Female,White
1730.jpg,37,Male,Black
1732.jpg,30,Male,White
1733.jpg,26,Male,Asian
1740.jpg,33,Male,Asian
1742.jpg,23,Male,White
1745.jpg,29,Male,Black
1748.jpg,28,Male,Middle Eastern
1749.jpg,36,Female,Middle Eastern
1755.jpg,28,Male,Black
1757.jpg,31,Female,White
1759.jpg,25,Male,Latino_Hispanic
1762.jpg,25,Male,White
1769.jpg,33,Male,Asian
177.jpg,25,Male,Middle Eastern
1783.jpg,27,Male,Indian
1787.jpg,25,Male,Latino_Hispanic
1788.jpg,26,Male,Asian
1789.jpg,23,Male,Latino_Hispanic
179.jpg,30,Male,Latino_Hispanic
1790.jpg,25,Male,Middle Eastern
18.jpg,29,Female,White
180.jpg,28,Male,Indian
1800.jpg,26,Male,Latino_Hispanic
1803.jpg,25,Male,Middle Eastern
1806.jpg,29,Male,Asian
1815.jpg,35,Male,Asian
1816.jpg,32,Male,White
1817.jpg,31,Female,White
182.jpg,26,Male,Indian
1820.jpg,31,Female,Asian
1822.jpg,32,Male,White
183.jpg,24,Male,Asian
1836.jpg,30,Male,Indian
1837.jpg,26,Male,Latino_Hispanic
1839.jpg,30,Female,Asian
1844.jpg,31,Male,Indian
1846.jpg,26,Male,Asian
1847.jpg,30,Male,Asian
1848.jpg,24,Female,White
185.jpg,33,Male,Latino_Hispanic
1850.jpg,33,Female,Asian
1853.jpg,30,Male,Asian
1856.jpg,28,Male,White
1857.jpg,27,Male,Latino_Hispanic
1862.jpg,24,Male,Asian
1866.jpg,29,Male,Black
1875.jpg,33,Female,Asian
1878.jpg,27,Male,Black
1879.jpg,31,Female,Asian
1881.jpg,24,Male,Asian
1886.jpg,24,Male,White
1887.jpg,27,Male,Black
1891.jpg,27,Male,Asian
1895.jpg,30,Male,Indian
1897.jpg,33,Female,Latino_Hispanic
19.jpg,31,Male,White
190.jpg,27,Male,Black
1901.jpg,30,Female,Asian
1902.jpg,30,Male,Asian
1904.jpg,33,Female,Latino_Hispanic
1907.jpg,27,Male,Asian
1908.jpg,23,Male,Asian
1909.jpg,23,Male,Latino_Hispanic
1911.jpg,28,Male,White
1914.jpg,30,Male,Black
1917.jpg,31,Male,Asian
1920.jpg,27,Male,White
1921.jpg,26,Male,Latino_Hispanic
1923.jpg,27,Male,White
1925.jpg,36,Female,Black
1927.jpg,27,Male,Asian
1929.jpg,27,Male,Indian
1931.jpg,26,Male,Latino_Hispanic
1932.jpg,32,Male,Black
1940.jpg,39,Female,Asian
1946.jpg,29,Female,Asian
1947.jpg,29,Male,Indian
1948.jpg,26,Male,Asian
1949.jpg,36,Female,Asian
1952.jpg,28,Male,Asian
1954.jpg,23,Male,Latino_Hispanic
1955.jpg,27,Male,Latino_Hispanic
1956.jpg,29,Male,White
1957.jpg,31,Male,Latino_Hispanic
1959.jpg,34,Male,Black
196.jpg,26,Male,Latino_Hispanic
1964.jpg,24,Male,Black
1967.jpg,30,Male,White
1970.jpg,29,Male,White
1971.jpg,31,Male,Indian
1972.jpg,27,Female,White
1973.jpg,23,Male,White
1978.jpg,32,Male,Asian
1979.jpg,24,Male,Black
1988.jpg,30,Male,Latino_Hispanic
1991.jpg,27,Male,Black
1995.jpg,36,Male,Middle Eastern
1996.jpg,27,Male,Asian
1997.jpg,27,Male,Black
1999.jpg,25,Male,Latino_Hispanic
20.jpg,40,Male,White
2001.jpg,26,Male,Indian
2005.jpg,34,Male,Asian
2008.jpg,33,Male,Indian
2009.jpg,35,Male,White
201.jpg,37,Female,Asian
2011.jpg,24,Male,Black
2015.jpg,22,Male,Middle Eastern
202.jpg,35,Male,White
2020.jpg,26,Male,Middle Eastern
2021.jpg,22,Male,Middle Eastern
2022.jpg,29,Female,Asian
2023.jpg,35,Male,Latino_Hispanic
2026.jpg,29,Male,Asian
2028.jpg,36,Male,Middle Eastern
2029.jpg,28,Male,Latino_Hispanic
2032.jpg,35,Male,Latino_Hispanic
2034.jpg,26,Male,Asian
2039.jpg,31,Male,Latino_Hispanic
204.jpg,31,Male,Asian
2041.jpg,22,Male,Latino_Hispanic
2044.jpg,26,Male,Asian
2056.jpg,39,Male,Indian
2061.jpg,31,Female,Latino_Hispanic
2062.jpg,23,Male,White
2063.jpg,34,Male,Asian
2066.jpg,31,Female,Latino_Hispanic
2069.jpg,31,Female,White
207.jpg,28,Male,White
2071.jpg,29,Male,White
2072.jpg,35,Male,Black
2076.jpg,30,Male,Asian
208.jpg,32,Male,Asian
2082.jpg,27,Male,Middle Eastern
2083.jpg,33,Male,Black
2085.jpg,25,Male,White
2088.jpg,28,Male,Latino_Hispanic
2092.jpg,35,Male,White
2097.jpg,24,Male,Asian
2098.jpg,29,Male,Asian
2099.jpg,27,Male,Indian
2100.jpg,27,Male,Asian
2101.jpg,36,Male,White
2102.jpg,29,Male,Asian
2104.jpg,32,Male,White
2105.jpg,37,Male,Latino_Hispanic
2106.jpg,26,Male,Indian
2112.jpg,31,Male,Black
2115.jpg,30,Male,Black
212.jpg,37,Male,Middle Eastern
2123.jpg,28,Male,Asian
213.jpg,27,Male,Black
2133.jpg,33,Male,Asian
2135.jpg,28,Male,Asian
2137.jpg,31,Male,Latino_Hispanic
2139.jpg,28,Female,Asian
2147.jpg,28,Male,Black
215.jpg,32,Female,Asian
2154.jpg,25,Male,Indian
2158.jpg,36,Male,Asian
2160.jpg,27,Male,White
2167.jpg,30,Male,Asian
2168.jpg,29,Male,Black
2171.jpg,25,Male,White
2177.jpg,27,Male,Black
2178.jpg,30,Male,Asian
2181.jpg,29,Male,Latino_Hispanic
2182.jpg,33,Male,Asian
2185.jpg,32,Male,Asian
2187.jpg,30,Male,Latino_Hispanic
2197.jpg,31,Male,Middle Eastern
2198.jpg,33,Male,Indian
220.jpg,32,Male,Latino_Hispanic
2200.jpg,37,Male,Black
2210.jpg,31,Male,Asian
2213.jpg,35,Female,White
2214.jpg,31,Male,Asian
2216.jpg,32,Male,Asian
2217.jpg,28,Female,Black
2219.jpg,22,Male,Asian
2220.jpg,30,Male,White
2222.jpg,36,Male,White
2228.jpg,31,Female,Black
2235.jpg,36,Male,Asian
2236.jpg,28,Male,Indian
2238.jpg,26,Male,Black
2241.jpg,32,Female,White
2243.jpg,30,Male,White
2244.jpg,34,Female,Asian
2247.jpg,32,Male,Black
2251.jpg,28,Male,Black
2252.jpg,33,Male,Asian
2253.jpg,27,Male,Latino_Hispanic
2255.jpg,24,Male,Asian
2261.jpg,32,Male,Asian
2262.jpg,28,Female,Indian
2263.jpg,29,Male,Asian
2264.jpg,22,Male,Asian
2266.jpg,22,Male,Middle Eastern
2268.jpg,49,Male,Latino_Hispanic
2269.jpg,27,Male,Asian
2270.jpg,27,Male,Black
2272.jpg,30,Male,Asian
2274.jpg,29,Male,Latino_Hispanic
2275.jpg,30,Male,White
228.jpg,36,Male,White
2280.jpg,26,Male,Black
2284.jpg,47,Male,White
2290.jpg,34,Male,Latino_Hispanic
2292.jpg,29,Male,Indian
2300.jpg,38,Male,Indian
2301.jpg,46,Male,Asian
2303.jpg,34,Male,Indian
2307.jpg,33,Male,Black
2314.jpg,33,Male,Asian
2316.jpg,26,Male,White
2317.jpg,33,Male,Indian
2318.jpg,34,Male,Black
2320.jpg,29,Male,Latino_Hispanic
2321.jpg,30,Male,Asian
2325.jpg,33,Male,Indian
2326.jpg,32,Female,White
2327.jpg,33,Male,Latino_Hispanic
2328.jpg,28,Male,White
233.jpg,29,Male,Asian
2330.jpg,29,Male,Indian
2331.jpg,29,Male,White
2332.jpg,34,Male,Latino_Hispanic
2336.jpg,39,Male,Middle Eastern
2342.jpg,34,Male,Middle Eastern
2346.jpg,28,Male,White
2348.jpg,23,Female,Latino_Hispanic
235.jpg,30,Male,Latino_Hispanic
2350.jpg,29,Male,Black
2351.jpg,26,Male,Middle Eastern
2352.jpg,33,Male,Asian
2355.jpg,28,Female,Latino_Hispanic
2358.jpg,25,Male,Indian
2359.jpg,26,Male,White
236.jpg,34,Female,Asian
2363.jpg,33,Female,Latino_Hispanic
2364.jpg,42,Male,Middle Eastern
2367.jpg,37,Male,Black
2368.jpg,28,Male,White
2372.jpg,23,Male,Asian
2374.jpg,31,Male,Middle Eastern
2377.jpg,32,Female,Asian
238.jpg,33,Female,Asian
2382.jpg,25,Male,Asian
2384.jpg,32,Female,Asian
2386.jpg,37,Female,Asian
2388.jpg,34,Male,Latino_Hispanic
2391.jpg,31,Male,White
2392.jpg,25,Female,Latino_Hispanic
2396.jpg,33,Male,Middle Eastern
2398.jpg,25,Male,White
24.jpg,24,Male,Asian
240.jpg,24,Male,Indian
2401.jpg,23,Male,Latino_Hispanic
2402.jpg,24,Male,Black
2410.jpg,28,Female,White
2425.jpg,24,Male,White
2428.jpg,30,Male,Black
2436.jpg,27,Male,Black
2442.jpg,24,Male,Asian
2444.jpg,26,Male,White
2447.jpg,24,Male,Asian
245.jpg,30,Male,Black
2453.jpg,29,Male,Asian
2454.jpg,36,Male,Asian
246.jpg,35,Male,Asian
2465.jpg,29,Male,Asian
2468.jpg,30,Male,Asian
2470.jpg,30,Male,Latino_Hispanic
2472.jpg,22,Male,Latino_Hispanic
2473.jpg,37,Male,Latino_Hispanic
2474.jpg,36,Male,White
2476.jpg,34,Male,Asian
2479.jpg,39,Male,White
2480.jpg,23,Male,Latino_Hispanic
2482.jpg,28,Male,Asian
2486.jpg,25,Male,Asian
2492.jpg,25,Male,Latino_Hispanic
2494.jpg,29,Male,Asian
2495.jpg,31,Female,Latino_Hispanic
2497.jpg,29,Male,Black
25.jpg,35,Female,Latino_Hispanic
2501.jpg,33,Female,Asian
2502.jpg,35,Male,Black
2514.jpg,25,Male,Asian
2517.jpg,30,Male,Indian
2518.jpg,25,Male,White
2520.jpg,29,Female,Latino_Hispanic
2522.jpg,30,Male,Indian
2525.jpg,28,Male,White
2532.jpg,39,Male,White
2535.jpg,28,Male,Black
2536.jpg,28,Male,Asian
2538.jpg,29,Male,Latino_Hispanic
2539.jpg,24,Male,White
254.jpg,32,Male,White
2540.jpg,28,Male,Black
2543.jpg,27,Female,Latino_Hispanic
2544.jpg,27,Male,Middle Eastern
2546.jpg,26,Male,Latino_Hispanic
2548.jpg,27,Male,White
2549.jpg,27,Male,White
255.jpg,34,Male,Asian
2557.jpg,28,Male,Indian
2559.jpg,27,Female,Latino_Hispanic
2564.jpg,31,Male,Asian
2566.jpg,29,Female,Latino_Hispanic
2567.jpg,25,Male,White
2569.jpg,25,Male,Latino_Hispanic
257.jpg,30,Male,Middle Eastern
2570.jpg,26,Female,White
2575.jpg,39,Female,Indian
2581.jpg,33,Male,Middle Eastern
2583.jpg,26,Female,White
2584.jpg,25,Male,Asian
2586.jpg,21,Male,Asian
2589.jpg,26,Male,Asian
259.jpg,24,Male,Black
2591.jpg,29,Male,Asian
2592.jpg,28,Male,Middle Eastern
2593.jpg,30,Male,Latino_Hispanic
2598.jpg,33,Male,Middle Eastern
2600.jpg,30,Male,White
2604.jpg,37,Female,Latino_Hispanic
2610.jpg,27,Male,Latino_Hispanic
2613.jpg,24,Male,Indian
2615.jpg,29,Male,Asian
2617.jpg,25,Male,Asian
2618.jpg,25,Male,Black
2623.jpg,27,Female,White
2625.jpg,32,Male,Middle Eastern
2629.jpg,25,Male,Indian
2630.jpg,25,Male,Indian
2631.jpg,30,Male,White
2633.jpg,29,Male,Indian
2634.jpg,26,Male,Latino_Hispanic
2635.jpg,25,Male,Middle Eastern
2639.jpg,36,Male,Middle Eastern
2641.jpg,36,Female,White
2645.jpg,29,Male,Asian
2647.jpg,36,Male,Asian
2648.jpg,47,Female,Asian
2649.jpg,25,Male,Asian
265.jpg,31,Male,Latino_Hispanic
2652.jpg,32,Female,Latino_Hispanic
2657.jpg,29,Male,Asian
2668.jpg,32,Female,Black
2670.jpg,27,Male,Middle Eastern
2671.jpg,27,Male,Asian
2674.jpg,28,Male,Black
2676.jpg,32,Female,Latino_Hispanic
268.jpg,27,Male,Latino_Hispanic
2680.jpg,32,Male,Asian
2683.jpg,26,Male,Black
2685.jpg,31,Male,Latino_Hispanic
2686.jpg,33,Male,Middle Eastern
2689.jpg,33,Male,Middle Eastern
2690.jpg,38,Male,Black
2692.jpg,26,Male,Black
2693.jpg,31,Male,Middle Eastern
2699.jpg,29,Male,Indian
27.jpg,24,Male,Middle Eastern
2700.jpg,27,Male,Black
2702.jpg,34,Female,Asian
2703.jpg,29,Male,Black
2704.jpg,26,Male,Black
2709.jpg,29,Male,White
271.jpg,26,Male,Black
2712.jpg,32,Male,Latino_Hispanic
2713.jpg,28,Male,Asian
2716.jpg,26,Male,White
2717.jpg,35,Male,Asian
272.jpg,23,Male,Latino_Hispanic
2720.jpg,24,Male,Latino_Hispanic
2721.jpg,30,Male,Asian
2724.jpg,30,Male,Indian
2725.jpg,28,Male,Black
2728.jpg,28,Male,Black
2729.jpg,28,Male,Black
2731.jpg,39,Male,Middle Eastern
2739.jpg,34,Female,White
2741.jpg,27,Male,Black
2742.jpg,28,Male,Latino_Hispanic
2743.jpg,33,Male,White
275.jpg,25,Male,Asian
2750.jpg,33,Male,Asian
2753.jpg,26,Male,White
2754.jpg,26,Male,Asian
2755.jpg,29,Male,Middle Eastern
2759.jpg,29,Male,Black
276.jpg,39,Male,Black
2762.jpg,25,Male,White
2763.jpg,31,Male,Latino_Hispanic
2765.jpg,34,Male,White
2767.jpg,24,Male,Asian
2768.jpg,25,Male,Black
2769.jpg,27,Male,Asian
2773.jpg,24,Male,Middle Eastern
2775.jpg,26,Male,Asian
2776.jpg,33,Female,Latino_Hispanic
2786.jpg,30,Male,Asian
2794.jpg,30,Male,Indian
2800.jpg,24,Male,Asian
2807.jpg,34,Male,Black
2809.jpg,30,Male,Black
2812.jpg,31,Female,Asian
2813.jpg,32,Male,Black
2816.jpg,28,Female,White
2829.jpg,39,Male,Latino_Hispanic
2830.jpg,22,Male,Latino_Hispanic
2831.jpg,32,Female,Asian
2834.jpg,33,Male,Asian
2836.jpg,29,Female,Latino_Hispanic
2840.jpg,30,Male,Black
2843.jpg,23,Male,Middle Eastern
2848.jpg,32,Male,Asian
2850.jpg,27,Male,Asian
2853.jpg,30,Male,Latino_Hispanic
2854.jpg,30,Male,Black
2857.jpg,25,Male,Middle Eastern
2858.jpg,26,Male,Asian
2864.jpg,26,Male,Middle Eastern
2866.jpg,25,Male,White
2867.jpg,30,Male,Asian
2868.jpg,23,Male,White
2869.jpg,31,Male,Asian
2872.jpg,28,Male,Middle Eastern
2874.jpg,26,Male,Asian
2876.jpg,31,Male,Asian
288.jpg,51,Male,Asian
290.jpg,25,Male,Asian
2900.jpg,28,Male,White
2906.jpg,25,Male,Latino_Hispanic
2907.jpg,27,Male,Black
291.jpg,34,Male,Middle Eastern
2916.jpg,45,Male,Middle Eastern
2923.jpg,27,Male,Middle Eastern
2927.jpg,32,Female,Asian
2928.jpg,26,Male,Middle Eastern
2929.jpg,28,Male,Black
2932.jpg,25,Male,Black
2934.jpg,23,Male,Asian
2936.jpg,27,Male,Black
2944.jpg,27,Female,White
2948.jpg,31,Female,Black
2950.jpg,33,Male,Asian
2953.jpg,28,Male,White
2955.jpg,32,Male,Indian
296.jpg,29,Male,Asian
2960.jpg,29,Male,White
2961.jpg,26,Male,Black
2966.jpg,38,Male,Asian
2969.jpg,35,Male,White
2974.jpg,34,Male,Black
2975.jpg,26,Female,Latino_Hispanic
2977.jpg,33,Female,Asian
2978.jpg,32,Male,White
2979.jpg,32,Female,Latino_Hispanic
2987.jpg,29,Female,White
2994.jpg,32,Male,Latino_Hispanic
30.jpg,28,Male,Asian
3000.jpg,27,Male,Asian
3004.jpg,30,Female,White
3005.jpg,32,Male,White
3012.jpg,26,Male,White
3016.jpg,23,Male,Latino_Hispanic
3017.jpg,32,Female,Latino_Hispanic
3024.jpg,24,Male,Asian
3026.jpg,31,Male,Asian
3028.jpg,29,Male,Black
303.jpg,30,Male,Latino_Hispanic
3032.jpg,29,Female,Latino_Hispanic
3038.jpg,28,Male,Black
3039.jpg,24,Male,White
304.jpg,30,Male,White
3041.jpg,25,Male,Asian
3046.jpg,33,Male,Middle Eastern
3047.jpg,25,Male,White
3048.jpg,28,Male,Asian
305.jpg,28,Male,Black
3051.jpg,27,Male,Asian
3052.jpg,28,Male,Middle Eastern
3054.jpg,26,Male,Latino_Hispanic
3055.jpg,27,Male,Black
3056.jpg,26,Male,Black
3057.jpg,30,Male,Asian
3058.jpg,25,Male,Asian
3062.jpg,40,Male,Asian
3070.jpg,24,Male,White
3078.jpg,27,Male,Asian
3079.jpg,23,Male,Asian
3080.jpg,28,Male,Asian
3083.jpg,30,Male,Black
3087.jpg,34,Male,Black
3090.jpg,28,Male,Asian
3093.jpg,37,Male,Asian
3098.jpg,27,Male,Black
3099.jpg,40,Male,White
310.jpg,31,Male,Asian
3108.jpg,32,Male,White
3110.jpg,25,Male,Asian
3118.jpg,27,Male,White
312.jpg,36,Male,White
3125.jpg,29,Male,Indian
3126.jpg,26,Female,Asian
3128.jpg,30,Male,Middle Eastern
3130.jpg,33,Male,Asian
3131.jpg,40,Male,White
3132.jpg,28,Male,Asian
3133.jpg,27,Female,Indian
3136.jpg,26,Male,White
3137.jpg,39,Male,Black
3138.jpg,34,Male,Black
3139.jpg,22,Male,White
3146.jpg,27,Male,Latino_Hispanic
3149.jpg,30,Male,Latino_Hispanic
315.jpg,28,Male,Asian
3152.jpg,26,Male,Asian
3156.jpg,24,Male,Asian
316.jpg,26,Male,Indian
3160.jpg,25,Male,Latino_Hispanic
3165.jpg,26,Male,Asian
3167.jpg,27,Female,Asian
3168.jpg,32,Male,White
3169.jpg,25,Male,Latino_Hispanic
317.jpg,26,Male,Asian
3171.jpg,26,Male,Asian
3172.jpg,30,Male,Indian
3174.jpg,25,Female,White
3176.jpg,28,Male,White
3177.jpg,23,Female,Asian
3181.jpg,38,Male,White
3187.jpg,30,Male,Black
3188.jpg,23,Male,White
3190.jpg,23,Male,Middle Eastern
3191.jpg,27,Male,Asian
3197.jpg,27,Male,Latino_Hispanic
3204.jpg,35,Male,White
3207.jpg,25,Male,Middle Eastern
3208.jpg,33,Male,Latino_Hispanic
3209.jpg,28,Male,Asian
3211.jpg,35,Male,Asian
3212.jpg,27,Male,Latino_Hispanic
3214.jpg,28,Female,White
3219.jpg,33,Male,Asian
3222.jpg,24,Male,Asian
3223.jpg,38,Male,Indian
3224.jpg,27,Male,Asian
3227.jpg,29,Male,Latino_Hispanic
3228.jpg,26,Male,White
3229.jpg,25,Female,Black
323.jpg,28,Male,White
3232.jpg,31,Male,Asian
3238.jpg,24,Male,Asian
3244.jpg,27,Male,Asian
3249.jpg,32,Male,Asian
3254.jpg,20,Female,Middle Eastern
3255.jpg,44,Male,Middle Eastern
3264.jpg,27,Female,White
3269.jpg,25,Male,Asian
3272.jpg,28,Male,Asian
3274.jpg,29,Male,Middle Eastern
3281.jpg,29,Male,White
3284.jpg,23,Male,Indian
3285.jpg,27,Male,Asian
329.jpg,33,Male,Asian
3296.jpg,28,Female,White
3297.jpg,26,Male,Asian
3300.jpg,28,Male,Latino_Hispanic
3301.jpg,29,Male,Asian
3304.jpg,24,Male,Asian
3305.jpg,26,Male,Asian
3312.jpg,29,Male,White
3314.jpg,34,Female,Asian
3318.jpg,29,Male,White
3319.jpg,29,Male,Asian
332.jpg,26,Male,Latino_Hispanic
3320.jpg,29,Male,Black
3326.jpg,33,Female,Asian
3327.jpg,33,Male,Indian
3328.jpg,28,Male,White
3331.jpg,49,Female,Asian
3332.jpg,31,Male,Indian
3333.jpg,28,Male,Latino_Hispanic
3338.jpg,29,Male,Black
3344.jpg,33,Male,White
3345.jpg,29,Male,Asian
3346.jpg,35,Male,Asian
3347.jpg,29,Male,Black
3349.jpg,43,Male,Latino_Hispanic
335.jpg,23,Male,Asian
3362.jpg,32,Female,Latino_Hispanic
3363.jpg,36,Male,Asian
3366.jpg,37,Male,Asian
3374.jpg,27,Male,Black
3376.jpg,35,Male,Asian
3379.jpg,23,Male,Latino_Hispanic
338.jpg,31,Male,Black
3380.jpg,25,Male,Middle Eastern
3381.jpg,30,Male,Latino_Hispanic
3382.jpg,25,Male,Asian
3383.jpg,32,Male,White
3384.jpg,27,Male,Asian
339.jpg,26,Male,Black
3390.jpg,28,Male,White
3391.jpg,33,Female,White
3395.jpg,23,Male,Black
3396.jpg,24,Male,Asian
3397.jpg,32,Male,Asian
3398.jpg,33,Female,Asian
34.jpg,29,Male,Asian
3400.jpg,27,Male,Middle Eastern
3402.jpg,32,Male,Black
3403.jpg,35,Male,White
3407.jpg,24,Female,White
3415.jpg,30,Male,Asian
3416.jpg,42,Female,Latino_Hispanic
3422.jpg,42,Female,Indian
3425.jpg,28,Female,Latino_Hispanic
3428.jpg,27,Male,Asian
3429.jpg,26,Male,Asian
3430.jpg,31,Female,Black
3432.jpg,35,Female,Indian
3435.jpg,25,Male,White
3440.jpg,37,Male,Asian
3442.jpg,25,Male,Asian
3446.jpg,30,Male,Indian
3448.jpg,25,Male,White
3458.jpg,28,Male,Indian
3459.jpg,28,Male,Asian
346.jpg,25,Male,Asian
3463.jpg,26,Male,Indian
3468.jpg,24,Male,Latino_Hispanic
3469.jpg,26,Male,White
3471.jpg,25,Male,Black
3472.jpg,33,Male,Latino_Hispanic
3475.jpg,26,Male,White
3486.jpg,29,Male,Latino_Hispanic
3488.jpg,29,Male,Middle Eastern
3490.jpg,33,Female,Latino_Hispanic
3491.jpg,30,Female,Indian
3493.jpg,30,Male,Asian
3494.jpg,27,Male,Asian
3495.jpg,32,Male,Asian
3496.jpg,33,Male,Asian
3497.jpg,27,Male,Asian
3499.jpg,25,Male,Asian
3500.jpg,26,Male,Black
3501.jpg,27,Male,White
3503.jpg,27,Female,Asian
3506.jpg,27,Male,Latino_Hispanic
3507.jpg,26,Male,Black
3508.jpg,31,Male,Black
3513.jpg,26,Male,White
3514.jpg,29,Male,Black
3517.jpg,40,Male,Black
3520.jpg,25,Male,Asian
3521.jpg,25,Female,White
3523.jpg,28,Female,Black
3525.jpg,31,Male,Indian
3526.jpg,23,Male,Asian
3528.jpg,30,Male,Asian
3529.jpg,30,Male,Asian
3530.jpg,33,Female,Latino_Hispanic
3535.jpg,31,Male,Black
3538.jpg,32,Male,Indian
3540.jpg,26,Male,White
3541.jpg,30,Male,White
3544.jpg,28,Male,Indian
3545.jpg,33,Male,White
3547.jpg,30,Male,Indian
355.jpg,27,Male,White
3554.jpg,32,Male,Black
3556.jpg,34,Male,Black
3561.jpg,38,Male,Asian
3565.jpg,30,Male,Asian
3569.jpg,30,Male,Asian
3570.jpg,27,Male,Middle Eastern
3571.jpg,27,Male,Black
358.jpg,32,Male,White
3583.jpg,35,Male,Asian
3584.jpg,30,Male,Black
3590.jpg,25,Male,White
3591.jpg,31,Male,Black
3592.jpg,25,Male,Asian
3593.jpg,35,Female,Asian
3599.jpg,33,Male,Asian
3601.jpg,31,Male,Black
3605.jpg,27,Male,Indian
3607.jpg,38,Female,White
3608.jpg,33,Male,White
3610.jpg,26,Male,White
3611.jpg,30,Male,Asian
3613.jpg,25,Male,Black
3614.jpg,24,Male,White
3615.jpg,33,Male,White
3617.jpg,35,Female,Asian
3621.jpg,28,Male,Asian
3622.jpg,38,Male,Asian
3626.jpg,31,Male,Asian
3627.jpg,26,Male,Asian
3629.jpg,29,Male,White
3633.jpg,29,Male,Latino_Hispanic
3637.jpg,25,Male,Asian
3643.jpg,29,Male,Asian
3645.jpg,30,Female,Black
3646.jpg,29,Female,White
3648.jpg,28,Male,Indian
3660.jpg,26,Male,White
3663.jpg,43,Male,Latino_Hispanic
3666.jpg,37,Male,Latino_Hispanic
3669.jpg,30,Male,Middle Eastern
3672.jpg,28,Male,Asian
3673.jpg,27,Male,Latino_Hispanic
368.jpg,35,Female,Asian
3682.jpg,37,Female,White
3683.jpg,28,Female,White
3685.jpg,32,Male,Black
3686.jpg,28,Male,Indian
3687.jpg,23,Female,Middle Eastern
3689.jpg,37,Male,Latino_Hispanic
369.jpg,23,Male,Asian
3690.jpg,31,Male,Middle Eastern
3691.jpg,26,Male,Asian
3694.jpg,25,Male,Asian
3697.jpg,32,Male,Black
3698.jpg,30,Male,White
37.jpg,24,Male,Black
370.jpg,25,Male,Indian
3701.jpg,38,Male,Black
3718.jpg,30,Male,Asian
372.jpg,42,Male,White
3723.jpg,31,Female,Latino_Hispanic
3724.jpg,31,Male,Indian
3725.jpg,29,Male,Black
3729.jpg,28,Male,White
3733.jpg,29,Male,White
3736.jpg,40,Male,Asian
3740.jpg,25,Male,Asian
3742.jpg,33,Female,White
3743.jpg,30,Female,Asian
3746.jpg,26,Male,Latino_Hispanic
3748.jpg,26,Female,Indian
3754.jpg,28,Female,Indian
3757.jpg,29,Male,White
376.jpg,30,Male,White
3760.jpg,26,Male,White
3764.jpg,38,Male,Middle Eastern
3767.jpg,25,Male,White
377.jpg,23,Male,White
378.jpg,26,Male,Asian
3781.jpg,26,Male,Black
3784.jpg,25,Male,Asian
3785.jpg,28,Male,Indian
3786.jpg,28,Male,Black
3789.jpg,28,Female,Black
3792.jpg,29,Male,Latino_Hispanic
3793.jpg,34,Male,White
3794.jpg,30,Female,Latino_Hispanic
3795.jpg,29,Male,Black
3796.jpg,26,Male,Middle Eastern
3803.jpg,42,Male,White
3804.jpg,44,Male,White
3805.jpg,47,Male,Indian
3807.jpg,28,Male,Indian
3814.jpg,29,Male,White
3815.jpg,27,Male,Asian
3817.jpg,23,Male,Asian
3818.jpg,25,Female,White
3819.jpg,25,Male,Black
3825.jpg,24,Male,Latino_Hispanic
3828.jpg,26,Male,Black
3831.jpg,25,Male,Indian
3833.jpg,29,Female,Asian
3834.jpg,33,Male,White
3837.jpg,30,Male,Black
3840.jpg,32,Male,White
3842.jpg,28,Male,White
3844.jpg,29,Female,Indian
3845.jpg,27,Male,Asian
3848.jpg,26,Male,Indian
3849.jpg,24,Male,White
385.jpg,28,Male,Asian
3851.jpg,25,Male,White
3853.jpg,26,Male,Black
3859.jpg,32,Female,Latino_Hispanic
386.jpg,30,Male,Asian
3868.jpg,28,Male,Asian
3870.jpg,26,Male,Asian
3877.jpg,28,Male,Asian
3878.jpg,31,Male,Asian
3885.jpg,30,Male,Asian
3889.jpg,28,Male,Indian
389.jpg,27,Male,Asian
3894.jpg,28,Male,Middle Eastern
3896.jpg,29,Male,Asian
3904.jpg,40,Male,Black
3905.jpg,28,Male,Middle Eastern
3911.jpg,36,Male,White
3914.jpg,30,Male,White
392.jpg,29,Female,White
3921.jpg,26,Male,Latino_Hispanic
3924.jpg,36,Female,White
3926.jpg,28,Male,Asian
3931.jpg,23,Male,Black
3934.jpg,31,Male,Black
3937.jpg,27,Male,White
3941.jpg,37,Male,Asian
3944.jpg,29,Male,Black
3949.jpg,27,Male,White
395.jpg,27,Male,Asian
3951.jpg,24,Male,Asian
3953.jpg,29,Male,Asian
3956.jpg,33,Male,Middle Eastern
396.jpg,29,Male,Indian
3963.jpg,30,Male,White
3965.jpg,33,Male,Asian
3969.jpg,30,Female,White
397.jpg,31,Male,Latino_Hispanic
3970.jpg,29,Male,Asian
3971.jpg,25,Male,White
3974.jpg,24,Male,Asian
3977.jpg,24,Male,White
3979.jpg,28,Male,Middle Eastern
3981.jpg,35,Male,Black
3983.jpg,33,Male,Middle Eastern
3987.jpg,33,Male,White
399.jpg,27,Male,Asian
3990.jpg,31,Female,White
3991.jpg,37,Female,Latino_Hispanic
3993.jpg,37,Female,Indian
3995.jpg,28,Male,Indian
3996.jpg,25,Male,Black
3998.jpg,22,Male,White
4.jpg,29,Male,Asian
40.jpg,34,Male,Latino_Hispanic
4000.jpg,28,Male,Asian
4004.jpg,37,Male,Asian
4010.jpg,35,Female,White
4013.jpg,30,Male,Black
4015.jpg,27,Male,Black
4018.jpg,25,Male,Latino_Hispanic
4019.jpg,39,Male,Asian
4021.jpg,27,Male,Latino_Hispanic
4024.jpg,32,Male,Indian
4025.jpg,29,Male,Indian
4029.jpg,31,Female,Latino_Hispanic
4032.jpg,31,Female,Asian
4034.jpg,30,Male,Middle Eastern
4039.jpg,31,Female,Asian
4041.jpg,33,Female,White
4042.jpg,27,Female,Black
4043.jpg,26,Male,Asian
4044.jpg,39,Male,Indian
405.jpg,37,Male,White
4058.jpg,24,Male,Asian
4059.jpg,27,Male,White
4062.jpg,25,Male,Asian
4063.jpg,34,Male,Indian
4070.jpg,35,Male,Black
4079.jpg,26,Male,White
408.jpg,27,Male,Asian
4080.jpg,30,Male,White
409.jpg,31,Male,Middle Eastern
41.jpg,23,Male,Asian
410.jpg,37,Male,Middle Eastern
4101.jpg,39,Female,White
4104.jpg,30,Male,Latino_Hispanic
4105.jpg,25,Male,Middle Eastern
4108.jpg,30,Male,Indian
411.jpg,35,Male,Indian
4113.jpg,25,Male,Asian
4114.jpg,31,Male,Latino_Hispanic
4117.jpg,27,Male,Middle Eastern
4120.jpg,33,Male,Asian
4123.jpg,25,Male,White
4125.jpg,36,Male,White
4129.jpg,30,Male,Black
4131.jpg,33,Male,Middle Eastern
4132.jpg,30,Male,Latino_Hispanic
4137.jpg,25,Male,Black
4139.jpg,31,Male,Middle Eastern
414.jpg,43,Female,Latino_Hispanic
4142.jpg,34,Male,Middle Eastern
4144.jpg,31,Male,White
4146.jpg,25,Male,Asian
4148.jpg,26,Male,Asian
4151.jpg,30,Male,White
4152.jpg,30,Male,Indian
4153.jpg,25,Male,Black
4156.jpg,32,Female,Asian
4161.jpg,38,Male,Black
4162.jpg,27,Male,White
4163.jpg,33,Male,White
4165.jpg,25,Male,Asian
4167.jpg,29,Male,Black
4169.jpg,31,Male,Middle Eastern
4172.jpg,31,Male,White
4174.jpg,28,Male,Asian
4175.jpg,26,Male,Asian
418.jpg,25,Female,Latino_Hispanic
4186.jpg,28,Male,Black
4187.jpg,32,Male,Latino_Hispanic
4192.jpg,32,Male,Indian
4195.jpg,29,Male,Black
420.jpg,32,Male,Asian
4200.jpg,32,Male,Asian
4207.jpg,26,Male,Latino_Hispanic
4219.jpg,35,Male,Latino_Hispanic
4228.jpg,29,Male,Asian
423.jpg,37,Female,Latino_Hispanic
4232.jpg,32,Female,Asian
4235.jpg,27,Male,Latino_Hispanic
4236.jpg,27,Male,Asian
4237.jpg,23,Male,Latino_Hispanic
4242.jpg,26,Female,White
4244.jpg,22,Male,Asian
4246.jpg,27,Male,White
4250.jpg,30,Female,Asian
4255.jpg,29,Male,Indian
4259.jpg,32,Male,Black
4265.jpg,29,Male,White
4269.jpg,28,Male,Asian
427.jpg,35,Male,White
4270.jpg,29,Female,Black
4273.jpg,24,Male,White
4276.jpg,28,Male,Asian
4277.jpg,33,Male,Black
428.jpg,29,Male,Black
4280.jpg,30,Male,Middle Eastern
4283.jpg,26,Male,Asian
4284.jpg,29,Male,Asian
4286.jpg,23,Male,Latino_Hispanic
4287.jpg,39,Female,Indian
429.jpg,25,Male,Middle Eastern
4293.jpg,32,Female,Asian
4296.jpg,37,Male,Asian
4297.jpg,30,Male,Asian
4299.jpg,27,Male,Asian
4303.jpg,36,Male,Indian
4304.jpg,31,Male,Latino_Hispanic
4305.jpg,27,Male,White
431.jpg,29,Male,Black
4313.jpg,29,Female,Asian
4315.jpg,29,Male,White
4320.jpg,27,Male,White
4332.jpg,29,Male,Middle Eastern
4334.jpg,38,Female,Asian
4335.jpg,30,Male,Indian
4336.jpg,28,Male,Indian
4337.jpg,37,Male,Latino_Hispanic
4339.jpg,24,Male,Latino_Hispanic
4342.jpg,25,Male,Latino_Hispanic
4344.jpg,31,Male,Indian
4356.jpg,25,Male,White
4358.jpg,22,Male,White
4367.jpg,33,Female,Asian
437.jpg,24,Male,White
4377.jpg,26,Male,Black
4383.jpg,26,Male,Asian
4386.jpg,30,Male,White
4390.jpg,31,Male,Black
4394.jpg,28,Male,Asian
440.jpg,30,Female,Asian
4401.jpg,27,Male,Black
4409.jpg,27,Male,Latino_Hispanic
4412.jpg,30,Male,White
4417.jpg,45,Male,Middle Eastern
4419.jpg,25,Male,White
442.jpg,31,Male,Black
4422.jpg,30,Male,Black
4423.jpg,28,Male,White
4425.jpg,32,Male,Middle Eastern
443.jpg,23,Female,Asian
4432.jpg,30,Female,Asian
4436.jpg,29,Female,Latino_Hispanic
4437.jpg,26,Male,Asian
4438.jpg,31,Male,Latino_Hispanic
444.jpg,28,Male,Indian
4445.jpg,29,Male,Indian
4449.jpg,26,Male,Indian
445.jpg,29,Male,Asian
4450.jpg,32,Male,Asian
4452.jpg,25,Male,White
4458.jpg,32,Male,Black
4460.jpg,33,Male,Asian
4462.jpg,31,Female,Asian
4463.jpg,25,Male,Middle Eastern
4465.jpg,34,Male,Asian
4468.jpg,27,Male,Middle Eastern
447.jpg,26,Female,Latino_Hispanic
4470.jpg,34,Male,Latino_Hispanic
4471.jpg,39,Male,Asian
4473.jpg,31,Female,White
4478.jpg,27,Female,Latino_Hispanic
4480.jpg,32,Male,White
4481.jpg,32,Male,Latino_Hispanic
4482.jpg,29,Male,Black
4483.jpg,33,Female,Asian
4486.jpg,27,Male,White
4488.jpg,34,Female,Asian
449.jpg,25,Male,White
4490.jpg,34,Male,Middle Eastern
4491.jpg,32,Male,Black
4494.jpg,26,Male,Latino_Hispanic
4495.jpg,27,Male,White
4499.jpg,25,Male,Black
4500.jpg,33,Male,Asian
4503.jpg,30,Male,White
4504.jpg,35,Male,Middle Eastern
4506.jpg,33,Male,White
4513.jpg,28,Male,Asian
4514.jpg,23,Male,Latino_Hispanic
4516.jpg,31,Female,White
452.jpg,25,Male,Asian
4520.jpg,32,Female,Latino_Hispanic
4522.jpg,38,Male,Asian
4524.jpg,24,Male,Indian
4531.jpg,29,Male,Asian
4532.jpg,23,Male,Asian
4534.jpg,31,Male,Asian
4540.jpg,31,Male,Latino_Hispanic
4541.jpg,30,Male,Indian
4543.jpg,28,Male,Asian
4556.jpg,36,Male,Asian
4563.jpg,33,Male,Asian
4576.jpg,33,Male,Black
4579.jpg,29,Male,Latino_Hispanic
4582.jpg,34,Male,White
4591.jpg,28,Male,Black
4592.jpg,24,Male,Asian
4605.jpg,26,Male,Asian
4606.jpg,28,Male,Latino_Hispanic
4616.jpg,31,Male,Middle Eastern
4618.jpg,39,Male,Latino_Hispanic
462.jpg,30,Male,Indian
4623.jpg,21,Male,Asian
4627.jpg,28,Male,Middle Eastern
4637.jpg,30,Male,Asian
4639.jpg,27,Male,Asian
4642.jpg,30,Male,Asian
465.jpg,33,Male,White
4650.jpg,29,Male,Asian
4651.jpg,26,Female,Latino_Hispanic
4656.jpg,32,Male,Latino_Hispanic
4661.jpg,34,Male,Middle Eastern
4662.jpg,37,Male,Asian
4663.jpg,23,Male,Asian
4669.jpg,31,Male,Black
4670.jpg,23,Male,Latino_Hispanic
4671.jpg,23,Male,Black
4676.jpg,29,Male,Asian
4677.jpg,25,Male,Latino_Hispanic
4678.jpg,30,Male,Asian
4679.jpg,37,Male,White
468.jpg,24,Male,Asian
4683.jpg,31,Female,White
4685.jpg,28,Male,Black
469.jpg,30,Male,Latino_Hispanic
4691.jpg,25,Male,White
4692.jpg,36,Male,Asian
4693.jpg,32,Female,White
4697.jpg,42,Male,Black
4698.jpg,30,Male,White
4699.jpg,24,Male,White
47.jpg,43,Male,Middle Eastern
470.jpg,37,Female,White
4702.jpg,23,Male,White
4714.jpg,28,Male,Asian
4721.jpg,29,Male,Black
4725.jpg,28,Male,Latino_Hispanic
4726.jpg,32,Female,White
4727.jpg,32,Male,Asian
4736.jpg,28,Male,Asian
4738.jpg,28,Male,Asian
4741.jpg,27,Male,Indian
4742.jpg,29,Male,White
4746.jpg,28,Male,White
4747.jpg,26,Male,Latino_Hispanic
4750.jpg,30,Male,Latino_Hispanic
4759.jpg,27,Male,Asian
4763.jpg,27,Male,Latino_Hispanic
4764.jpg,44,Male,Black
477.jpg,24,Male,Latino_Hispanic
4772.jpg,25,Male,Asian
4775.jpg,26,Male,Middle Eastern
4781.jpg,21,Male,Middle Eastern
4782.jpg,28,Male,Black
4785.jpg,31,Male,Asian
4787.jpg,30,Male,Asian
4796.jpg,35,Male,Indian
4798.jpg,28,Male,Latino_Hispanic
4799.jpg,33,Male,White
480.jpg,39,Female,White
4800.jpg,29,Male,Asian
4802.jpg,30,Male,Indian
4806.jpg,45,Female,White
4812.jpg,36,Male,Asian
4814.jpg,28,Female,Latino_Hispanic
4816.jpg,26,Male,Asian
4827.jpg,37,Male,Indian
4828.jpg,22,Male,White
4832.jpg,23,Male,Latino_Hispanic
4833.jpg,36,Male,White
4839.jpg,26,Male,Latino_Hispanic
484.jpg,39,Female,Black
4841.jpg,25,Male,Indian
4847.jpg,37,Female,Latino_Hispanic
4848.jpg,36,Female,Indian
485.jpg,28,Male,Black
4852.jpg,34,Male,Latino_Hispanic
4856.jpg,32,Male,Black
4860.jpg,28,Female,Latino_Hispanic
4863.jpg,32,Male,Asian
4864.jpg,30,Male,Indian
4866.jpg,28,Male,Asian
4871.jpg,25,Male,White
4872.jpg,24,Male,Asian
4875.jpg,27,Male,Black
4877.jpg,27,Male,Asian
4878.jpg,26,Male,Latino_Hispanic
4879.jpg,29,Male,White
4883.jpg,32,Male,Indian
4888.jpg,40,Male,Middle Eastern
4890.jpg,26,Male,Asian
4893.jpg,32,Male,Latino_Hispanic
4899.jpg,32,Male,Latino_Hispanic
49.jpg,25,Male,Latino_Hispanic
4901.jpg,25,Male,White
4902.jpg,36,Male,Indian
4904.jpg,25,Male,White
4906.jpg,36,Male,Middle Eastern
4907.jpg,35,Male,Black
4909.jpg,36,Male,Latino_Hispanic
491.jpg,31,Male,Black
4911.jpg,25,Male,Indian
4912.jpg,35,Female,Black
4913.jpg,28,Male,Black
4918.jpg,27,Male,Asian
4919.jpg,44,Male,Black
4922.jpg,24,Male,Black
4923.jpg,25,Male,Asian
4925.jpg,34,Male,Latino_Hispanic
4926.jpg,29,Male,Latino_Hispanic
4927.jpg,33,Male,Middle Eastern
4928.jpg,30,Male,Latino_Hispanic
493.jpg,27,Male,Latino_Hispanic
4936.jpg,28,Male,Black
4937.jpg,23,Male,White
4939.jpg,34,Male,Asian
494.jpg,31,Male,Middle Eastern
4940.jpg,27,Male,Latino_Hispanic
4944.jpg,27,Male,Middle Eastern
4945.jpg,29,Female,Latino_Hispanic
4947.jpg,25,Male,Black
495.jpg,34,Male,Asian
4968.jpg,25,Female,Black
4969.jpg,24,Male,Asian
497.jpg,30,Female,Latino_Hispanic
4970.jpg,29,Male,Black
4973.jpg,42,Male,White
4974.jpg,34,Male,Asian
4979.jpg,33,Male,Asian
4983.jpg,33,Male,Latino_Hispanic
4985.jpg,33,Female,White
4988.jpg,28,Male,Latino_Hispanic
4993.jpg,35,Male,Latino_Hispanic
4994.jpg,30,Female,Asian
4998.jpg,30,Male,Indian
50.jpg,28,Female,Asian
5000.jpg,26,Male,Latino_Hispanic
5006.jpg,30,Male,Middle Eastern
5007.jpg,29,Female,White
5008.jpg,43,Male,Middle Eastern
5010.jpg,35,Male,White
5015.jpg,28,Male,Latino_Hispanic
5019.jpg,26,Male,Asian
5020.jpg,26,Male,Asian
5026.jpg,27,Male,Black
503.jpg,28,Male,Black
5033.jpg,42,Male,Asian
5035.jpg,37,Male,Black
5042.jpg,26,Male,Latino_Hispanic
5046.jpg,26,Male,White
505.jpg,30,Male,Asian
5053.jpg,23,Male,Asian
5058.jpg,29,Female,Indian
5060.jpg,23,Male,Asian
5063.jpg,32,Male,Middle Eastern
5066.jpg,30,Male,Black
5069.jpg,30,Male,Latino_Hispanic
507.jpg,26,Female,Latino_Hispanic
5073.jpg,25,Male,Black
5074.jpg,30,Male,Indian
5075.jpg,47,Male,Indian
5077.jpg,34,Male,Asian
5078.jpg,31,Male,Asian
5084.jpg,28,Male,White
5085.jpg,24,Male,Black
5087.jpg,30,Male,Asian
5089.jpg,31,Female,Latino_Hispanic
5092.jpg,29,Male,Black
5093.jpg,25,Male,Asian
5094.jpg,24,Male,Black
5099.jpg,34,Female,Latino_Hispanic
51.jpg,22,Male,Middle Eastern
5103.jpg,28,Male,Middle Eastern
5104.jpg,30,Male,Middle Eastern
5111.jpg,35,Male,White
5113.jpg,24,Male,Middle Eastern
5115.jpg,33,Male,Black
5119.jpg,32,Male,Asian
512.jpg,26,Male,White
5120.jpg,27,Male,Asian
5122.jpg,29,Male,Asian
5124.jpg,28,Male,White
5126.jpg,30,Male,Asian
5127.jpg,26,Male,Indian
5128.jpg,25,Male,Asian
5133.jpg,25,Male,Latino_Hispanic
5146.jpg,29,Male,White
5148.jpg,37,Female,White
5149.jpg,34,Female,White
5151.jpg,33,Male,Latino_Hispanic
5154.jpg,30,Male,Latino_Hispanic
5155.jpg,29,Male,Middle Eastern
5156.jpg,32,Female,Latino_Hispanic
5158.jpg,26,Male,Asian
516.jpg,26,Female,White
5160.jpg,25,Male,White
5161.jpg,30,Male,Indian
5164.jpg,24,Male,White
5165.jpg,34,Male,Indian
5170.jpg,35,Male,Asian
5173.jpg,34,Male,Indian
5174.jpg,26,Male,Latino_Hispanic
5175.jpg,26,Female,White
5179.jpg,28,Female,Indian
5190.jpg,24,Female,Asian
5192.jpg,25,Male,Middle Eastern
5198.jpg,27,Male,Asian
52.jpg,24,Male,Asian
5200.jpg,25,Male,Asian
5204.jpg,39,Male,Black
5206.jpg,38,Female,Latino_Hispanic
5209.jpg,30,Male,White
521.jpg,23,Male,Asian
5210.jpg,26,Male,Indian
5216.jpg,26,Male,Black
5218.jpg,32,Female,Asian
5226.jpg,26,Male,Latino_Hispanic
523.jpg,25,Male,Latino_Hispanic
5231.jpg,29,Male,Indian
5234.jpg,26,Male,Asian
5238.jpg,29,Male,Black
5239.jpg,27,Male,Asian
5243.jpg,25,Male,Middle Eastern
5245.jpg,26,Male,Asian
5247.jpg,29,Male,Black
5248.jpg,39,Male,Black
5249.jpg,37,Male,Asian
5250.jpg,29,Male,Latino_Hispanic
5252.jpg,25,Male,Asian
5261.jpg,32,Male,White
5264.jpg,26,Male,Latino_Hispanic
5265.jpg,38,Female,White
5266.jpg,29,Male,White
5267.jpg,33,Male,Asian
5268.jpg,27,Male,Black
5269.jpg,33,Male,Asian
5272.jpg,25,Female,Middle Eastern
5275.jpg,30,Male,Black
5280.jpg,41,Male,Asian
5281.jpg,31,Male,Black
5283.jpg,31,Male,Asian
5284.jpg,39,Male,Black
5287.jpg,27,Male,Latino_Hispanic
5289.jpg,29,Male,Asian
5295.jpg,26,Male,White
5297.jpg,24,Male,Asian
5299.jpg,32,Male,Indian
53.jpg,38,Male,Asian
5301.jpg,37,Male,Latino_Hispanic
5308.jpg,37,Male,Black
5310.jpg,24,Male,Asian
5312.jpg,28,Male,Middle Eastern
5316.jpg,25,Female,White
5326.jpg,30,Female,Indian
5327.jpg,27,Male,Asian
5328.jpg,30,Male,Black
5335.jpg,23,Male,White
5338.jpg,39,Male,Asian
5344.jpg,27,Male,Middle Eastern
5357.jpg,31,Male,Black
536.jpg,23,Male,Black
5363.jpg,26,Male,Black
5366.jpg,22,Male,Asian
5368.jpg,25,Male,Asian
5369.jpg,29,Female,White
537.jpg,30,Female,White
5370.jpg,29,Female,White
5371.jpg,27,Male,Asian
5372.jpg,27,Male,Latino_Hispanic
5377.jpg,31,Female,White
538.jpg,27,Male,Black
5385.jpg,31,Male,Black
5387.jpg,30,Male,Black
539.jpg,28,Male,Middle Eastern
5391.jpg,24,Male,Asian
5392.jpg,26,Male,Asian
5393.jpg,24,Male,Black
5394.jpg,29,Male,Black
54.jpg,29,Male,Asian
5402.jpg,26,Male,Latino_Hispanic
5403.jpg,30,Male,Latino_Hispanic
5404.jpg,26,Male,Indian
5408.jpg,25,Male,White
5418.jpg,26,Male,Asian
5424.jpg,32,Female,White
5425.jpg,34,Male,Asian
5427.jpg,32,Female,White
5430.jpg,32,Female,Asian
5435.jpg,29,Male,Black
5439.jpg,26,Male,White
5441.jpg,34,Male,Asian
5442.jpg,30,Male,Indian
545.jpg,30,Female,Latino_Hispanic
5450.jpg,34,Male,Latino_Hispanic
5453.jpg,29,Female,White
5455.jpg,29,Male,Latino_Hispanic
5458.jpg,25,Female,White
5464.jpg,24,Male,White
5466.jpg,24,Male,Middle Eastern
5467.jpg,33,Female,Asian
5468.jpg,36,Male,Asian
5469.jpg,24,Male,Asian
5470.jpg,28,Male,Indian
5478.jpg,26,Male,White
5482.jpg,24,Male,White
5483.jpg,33,Female,Black
5487.jpg,28,Male,Black
5488.jpg,37,Female,White
5492.jpg,28,Male,Black
5493.jpg,34,Male,Latino_Hispanic
5494.jpg,48,Male,White
55.jpg,31,Male,White
550.jpg,38,Male,Black
5505.jpg,34,Male,Indian
5506.jpg,33,Male,White
5507.jpg,31,Male,Middle Eastern
5508.jpg,33,Male,White
551.jpg,28,Male,Black
5511.jpg,25,Male,Black
5512.jpg,29,Male,Asian
5515.jpg,32,Male,Asian
5518.jpg,32,Male,Asian
5519.jpg,32,Male,Latino_Hispanic
5537.jpg,25,Male,Asian
5538.jpg,31,Male,Asian
5541.jpg,32,Male,Black
5542.jpg,32,Male,Asian
5543.jpg,34,Male,Asian
5544.jpg,27,Female,Asian
5548.jpg,33,Male,White
5549.jpg,28,Male,Asian
5556.jpg,27,Male,Asian
5560.jpg,25,Male,Middle Eastern
5561.jpg,30,Female,Asian
5562.jpg,31,Female,Latino_Hispanic
5564.jpg,31,Male,Asian
5565.jpg,31,Male,Black
5566.jpg,28,Female,Latino_Hispanic
5576.jpg,34,Male,Black
5578.jpg,31,Male,Asian
5581.jpg,25,Male,Latino_Hispanic
5582.jpg,28,Male,Asian
5583.jpg,30,Male,Asian
5586.jpg,27,Male,Latino_Hispanic
5587.jpg,34,Male,Black
5590.jpg,27,Male,Asian
5592.jpg,31,Male,White
5598.jpg,32,Male,White
56.jpg,26,Male,White
560.jpg,26,Male,Asian
5602.jpg,25,Male,Latino_Hispanic
5604.jpg,30,Male,Indian
5606.jpg,25,Male,Asian
5608.jpg,22,Male,Latino_Hispanic
5609.jpg,24,Male,Asian
5610.jpg,31,Female,White
5615.jpg,26,Male,Asian
5617.jpg,35,Male,White
562.jpg,25,Male,White
5622.jpg,34,Male,Asian
5628.jpg,31,Male,Latino_Hispanic
5637.jpg,33,Female,Indian
5639.jpg,31,Male,Asian
5641.jpg,30,Male,Black
5642.jpg,33,Male,Middle Eastern
5643.jpg,30,Male,Black
5650.jpg,26,Male,White
5651.jpg,24,Male,Asian
5652.jpg,24,Male,White
5657.jpg,24,Male,Asian
5658.jpg,40,Male,White
5661.jpg,32,Female,Black
5666.jpg,28,Male,Black
5667.jpg,28,Male,Latino_Hispanic
5669.jpg,39,Male,Latino_Hispanic
5679.jpg,37,Male,White
5683.jpg,38,Male,Black
5688.jpg,26,Male,Black
5689.jpg,25,Male,White
5691.jpg,28,Male,White
5692.jpg,26,Female,Latino_Hispanic
5694.jpg,31,Male,Asian
5695.jpg,28,Male,Asian
5696.jpg,25,Male,Asian
57.jpg,36,Female,Asian
570.jpg,29,Male,Asian
5701.jpg,30,Male,Indian
5702.jpg,28,Male,Latino_Hispanic
5703.jpg,32,Female,Asian
5705.jpg,32,Male,White
5710.jpg,34,Male,White
5711.jpg,29,Male,Black
5713.jpg,44,Male,Latino_Hispanic
5724.jpg,29,Male,White
5725.jpg,23,Male,Black
573.jpg,31,Female,Middle Eastern
5730.jpg,38,Female,White
5732.jpg,36,Male,Asian
5735.jpg,36,Male,Asian
5740.jpg,25,Male,White
5742.jpg,25,Male,White
5744.jpg,27,Male,Asian
5746.jpg,33,Male,Asian
5750.jpg,33,Male,Asian
5757.jpg,34,Male,White
5761.jpg,30,Male,White
5768.jpg,33,Male,Asian
577.jpg,24,Male,Latino_Hispanic
5771.jpg,31,Male,Asian
5772.jpg,25,Male,Middle Eastern
5773.jpg,25,Male,Asian
5774.jpg,30,Male,Asian
578.jpg,27,Male,Black
5781.jpg,30,Male,Indian
5782.jpg,24,Male,Middle Eastern
5783.jpg,38,Male,Black
5788.jpg,34,Male,Latino_Hispanic
5791.jpg,28,Male,White
5799.jpg,32,Female,Asian
58.jpg,26,Male,Black
5802.jpg,29,Male,Black
5803.jpg,25,Male,Asian
581.jpg,30,Male,Asian
5810.jpg,41,Male,Black
5816.jpg,30,Male,Black
5817.jpg,23,Male,Black
5820.jpg,24,Male,Indian
5822.jpg,29,Female,Asian
5823.jpg,35,Male,Latino_Hispanic
5824.jpg,29,Male,White
5825.jpg,30,Male,Indian
5826.jpg,24,Male,Indian
5828.jpg,27,Male,Black
5832.jpg,30,Female,White
5833.jpg,28,Male,White
5834.jpg,26,Male,Asian
5837.jpg,30,Male,Indian
584.jpg,40,Male,Indian
5845.jpg,28,Male,Black
585.jpg,31,Male,Asian
5853.jpg,31,Female,Asian
5855.jpg,31,Male,Middle Eastern
5856.jpg,32,Male,Asian
5857.jpg,31,Male,Indian
5858.jpg,35,Male,Middle Eastern
5859.jpg,25,Female,Asian
5861.jpg,27,Male,Asian
5863.jpg,27,Male,Asian
5867.jpg,30,Male,Indian
5870.jpg,38,Male,Indian
5875.jpg,35,Female,Asian
5879.jpg,39,Male,Middle Eastern
5884.jpg,36,Male,Asian
5885.jpg,32,Male,Middle Eastern
5890.jpg,31,Female,White
5893.jpg,32,Male,Black
59.jpg,34,Female,White
5900.jpg,38,Male,Asian
5901.jpg,34,Male,White
5902.jpg,25,Male,Black
5904.jpg,23,Male,Asian
5912.jpg,31,Female,Latino_Hispanic
5914.jpg,30,Male,Asian
5921.jpg,24,Male,White
5922.jpg,30,Female,Asian
5925.jpg,31,Female,White
5928.jpg,25,Male,Asian
593.jpg,36,Male,Middle Eastern
5932.jpg,25,Male,Latino_Hispanic
5933.jpg,33,Male,White
5935.jpg,26,Male,White
5936.jpg,23,Male,Asian
5937.jpg,28,Male,White
5938.jpg,31,Male,Black
5939.jpg,30,Male,Asian
594.jpg,28,Male,White
5941.jpg,25,Male,Black
5945.jpg,31,Male,Black
5946.jpg,35,Male,White
5947.jpg,32,Female,Asian
5948.jpg,26,Male,White
5949.jpg,31,Female,Asian
5959.jpg,33,Male,Indian
596.jpg,27,Female,Asian
5962.jpg,29,Male,Black
5965.jpg,29,Male,Asian
5966.jpg,26,Male,Middle Eastern
5967.jpg,31,Female,Indian
597.jpg,27,Male,Asian
5972.jpg,23,Male,Asian
5974.jpg,30,Male,Black
5976.jpg,27,Male,Latino_Hispanic
5981.jpg,23,Male,Asian
5984.jpg,35,Male,White
5986.jpg,30,Female,Asian
5987.jpg,30,Male,Asian
5988.jpg,34,Male,Black
5989.jpg,31,Female,White
5993.jpg,37,Male,White
5998.jpg,32,Male,Latino_Hispanic
5999.jpg,29,Male,Asian
6.jpg,25,Male,Latino_Hispanic
60.jpg,35,Female,Middle Eastern
6011.jpg,30,Male,Black
6012.jpg,24,Female,Asian
6013.jpg,25,Male,Asian
6015.jpg,26,Male,Asian
6017.jpg,30,Male,Asian
6023.jpg,29,Male,White
6031.jpg,28,Female,Asian
6035.jpg,32,Female,Asian
6038.jpg,27,Male,White
6049.jpg,26,Male,Asian
605.jpg,34,Male,Asian
6050.jpg,25,Male,Black
6052.jpg,24,Male,Asian
6056.jpg,25,Male,Asian
6072.jpg,29,Male,Black
6074.jpg,35,Male,Asian
6075.jpg,27,Male,Asian
608.jpg,26,Male,Asian
6080.jpg,38,Male,Asian
6081.jpg,34,Male,Asian
6084.jpg,29,Male,Indian
6085.jpg,32,Male,Latino_Hispanic
6099.jpg,29,Male,Latino_Hispanic
610.jpg,25,Male,Asian
6103.jpg,30,Male,Asian
6105.jpg,34,Female,White
6107.jpg,33,Male,Black
6108.jpg,24,Male,Asian
6110.jpg,33,Male,Latino_Hispanic
6115.jpg,26,Male,Latino_Hispanic
6119.jpg,22,Male,Middle Eastern
612.jpg,26,Male,Black
6124.jpg,35,Female,White
6125.jpg,27,Male,Latino_Hispanic
6126.jpg,42,Male,White
6134.jpg,26,Female,Latino_Hispanic
6140.jpg,28,Male,Middle Eastern
6150.jpg,25,Male,Latino_Hispanic
6153.jpg,33,Male,Middle Eastern
6155.jpg,24,Male,Indian
6158.jpg,31,Male,Black
6159.jpg,32,Male,Black
6163.jpg,28,Male,Asian
6164.jpg,28,Male,Asian
6165.jpg,27,Male,Middle Eastern
6167.jpg,28,Male,Latino_Hispanic
6171.jpg,29,Male,Indian
6176.jpg,29,Male,Black
6177.jpg,27,Male,Middle Eastern
6178.jpg,27,Male,Black
6181.jpg,34,Male,Asian
6183.jpg,31,Male,Asian
6189.jpg,26,Female,Asian
6194.jpg,32,Male,Middle Eastern
6196.jpg,29,Male,Latino_Hispanic
6197.jpg,25,Male,Asian
6201.jpg,26,Male,Asian
6202.jpg,24,Male,Middle Eastern
6204.jpg,25,Male,White
6209.jpg,25,Female,White
6211.jpg,32,Male,Latino_Hispanic
6214.jpg,27,Male,Middle Eastern
6217.jpg,34,Male,Middle Eastern
6223.jpg,31,Female,Indian
6224.jpg,24,Male,Asian
6227.jpg,25,Male,White
623.jpg,32,Female,White
6232.jpg,25,Male,White
6233.jpg,23,Male,Latino_Hispanic
6235.jpg,32,Male,White
624.jpg,35,Male,White
6243.jpg,29,Male,Black
6251.jpg,31,Male,Asian
6253.jpg,29,Male,White
6257.jpg,27,Male,White
6259.jpg,31,Male,White
6261.jpg,24,Male,Latino_Hispanic
6262.jpg,32,Male,Indian
6266.jpg,31,Male,Asian
627.jpg,28,Male,White
6271.jpg,27,Male,Middle Eastern
6273.jpg,27,Male,Black
6275.jpg,38,Male,Asian
6276.jpg,23,Male,Middle Eastern
628.jpg,31,Male,Black
6281.jpg,31,Male,Asian
6286.jpg,27,Male,White
6287.jpg,26,Male,Asian
6290.jpg,25,Male,Asian
6291.jpg,29,Male,Black
6292.jpg,27,Female,Latino_Hispanic
6293.jpg,32,Male,Asian
6294.jpg,28,Female,White
6295.jpg,24,Male,Middle Eastern
6300.jpg,32,Female,White
6303.jpg,33,Female,Latino_Hispanic
6305.jpg,29,Male,Asian
6309.jpg,32,Male,Indian
631.jpg,31,Female,Asian
6312.jpg,28,Male,Latino_Hispanic
6316.jpg,30,Male,Middle Eastern
6317.jpg,25,Male,Latino_Hispanic
632.jpg,29,Female,Latino_Hispanic
6321.jpg,33,Male,Asian
6323.jpg,29,Male,Indian
6324.jpg,24,Male,White
6326.jpg,30,Male,Black
6328.jpg,34,Female,Asian
6333.jpg,31,Female,Asian
6334.jpg,26,Male,Asian
6336.jpg,36,Female,Asian
6337.jpg,27,Male,White
6342.jpg,31,Male,White
6343.jpg,30,Male,Latino_Hispanic
6344.jpg,26,Male,White
6345.jpg,26,Male,Asian
6347.jpg,34,Male,Latino_Hispanic
635.jpg,32,Male,Indian
6350.jpg,31,Male,Asian
6352.jpg,29,Male,Indian
6357.jpg,32,Male,White
6360.jpg,28,Male,Black
6366.jpg,28,Female,White
6367.jpg,29,Male,Asian
6368.jpg,44,Male,Indian
637.jpg,23,Male,Middle Eastern
6377.jpg,29,Male,Black
6378.jpg,28,Male,Indian
6379.jpg,26,Male,Asian
638.jpg,29,Female,Latino_Hispanic
6386.jpg,34,Male,Asian
6387.jpg,33,Male,Black
639.jpg,23,Male,White
6392.jpg,26,Male,Asian
6394.jpg,30,Female,White
6398.jpg,29,Male,Asian
6407.jpg,24,Male,Middle Eastern
6408.jpg,28,Male,Black
6409.jpg,23,Male,Latino_Hispanic
641.jpg,37,Male,Black
6410.jpg,28,Male,Black
6414.jpg,39,Male,White
6415.jpg,32,Female,Asian
6417.jpg,28,Male,Asian
6418.jpg,27,Male,White
6419.jpg,27,Male,White
642.jpg,25,Male,Asian
6421.jpg,33,Male,White
6429.jpg,29,Male,Asian
6430.jpg,32,Male,Asian
6433.jpg,26,Male,Middle Eastern
6436.jpg,24,Male,Asian
6437.jpg,33,Male,Indian
6438.jpg,32,Male,Black
6444.jpg,33,Male,White
6446.jpg,32,Male,Asian
645.jpg,24,Male,White
6451.jpg,28,Male,Black
6453.jpg,28,Male,Black
6457.jpg,27,Male,Asian
6462.jpg,24,Male,Middle Eastern
6465.jpg,33,Female,Asian
6466.jpg,27,Male,Latino_Hispanic
6468.jpg,28,Male,Asian
647.jpg,23,Male,White
6471.jpg,26,Male,Middle Eastern
6473.jpg,31,Female,Indian
6479.jpg,27,Male,Black
6481.jpg,30,Male,White
6487.jpg,34,Male,Black
649.jpg,27,Male,Indian
6496.jpg,29,Male,Latino_Hispanic
650.jpg,39,Male,Asian
6500.jpg,28,Male,Latino_Hispanic
6502.jpg,27,Male,Indian
6503.jpg,24,Male,Indian
6504.jpg,27,Male,Black
6507.jpg,34,Female,Asian
6509.jpg,34,Male,Asian
6513.jpg,39,Male,Asian
6514.jpg,38,Male,Asian
6515.jpg,26,Male,White
6520.jpg,27,Male,Asian
6521.jpg,27,Male,Latino_Hispanic
6528.jpg,25,Male,Asian
6529.jpg,23,Male,Indian
653.jpg,29,Male,Asian
6535.jpg,26,Male,Indian
6538.jpg,31,Male,Asian
654.jpg,31,Male,White
6542.jpg,26,Male,Black
6544.jpg,29,Male,Middle Eastern
655.jpg,31,Male,White
6550.jpg,23,Male,Asian
6551.jpg,24,Male,White
6553.jpg,26,Male,White
6554.jpg,30,Male,Asian
6555.jpg,26,Male,Latino_Hispanic
6556.jpg,29,Male,Asian
6561.jpg,24,Male,Latino_Hispanic
6562.jpg,32,Male,Asian
6563.jpg,32,Male,Asian
6566.jpg,25,Male,Asian
6568.jpg,23,Male,White
657.jpg,26,Male,Latino_Hispanic
6571.jpg,33,Male,Latino_Hispanic
6575.jpg,27,Male,Latino_Hispanic
6586.jpg,28,Female,Latino_Hispanic
6587.jpg,29,Male,Black
6595.jpg,26,Male,White
6597.jpg,26,Male,White
6603.jpg,27,Male,Middle Eastern
6605.jpg,37,Male,Indian
6608.jpg,29,Male,Asian
6609.jpg,26,Male,Latino_Hispanic
661.jpg,28,Male,Black
6611.jpg,33,Female,Asian
6614.jpg,32,Female,Asian
6615.jpg,26,Male,White
6616.jpg,29,Male,Asian
6620.jpg,32,Male,Black
6626.jpg,22,Male,Indian
6628.jpg,31,Male,Black
663.jpg,32,Male,Asian
6630.jpg,34,Male,Indian
6631.jpg,27,Female,Asian
6635.jpg,30,Male,White
664.jpg,26,Male,Black
6643.jpg,37,Male,Black
6644.jpg,35,Male,Middle Eastern
6645.jpg,38,Male,Indian
6647.jpg,28,Male,Asian
6648.jpg,27,Male,White
665.jpg,33,Male,Indian
6650.jpg,27,Male,White
6655.jpg,27,Male,Asian
6659.jpg,32,Male,Asian
6660.jpg,29,Male,White
6662.jpg,39,Female,Indian
6663.jpg,25,Male,Asian
6664.jpg,26,Male,Asian
6665.jpg,25,Male,White
6671.jpg,37,Male,Asian
6673.jpg,30,Male,Asian
6674.jpg,33,Male,Latino_Hispanic
6678.jpg,32,Male,Asian
6681.jpg,34,Male,Middle Eastern
6686.jpg,23,Male,Black
6688.jpg,23,Male,White
6692.jpg,30,Male,Black
6704.jpg,33,Male,Asian
6705.jpg,27,Male,Black
6706.jpg,27,Male,Asian
6709.jpg,40,Male,Middle Eastern
6711.jpg,35,Male,Asian
6712.jpg,33,Male,Indian
6719.jpg,28,Male,White
6723.jpg,30,Male,White
6724.jpg,28,Male,Asian
6725.jpg,25,Male,Asian
6734.jpg,26,Male,Indian
6735.jpg,27,Female,Latino_Hispanic
674.jpg,26,Male,Asian
6741.jpg,24,Male,Indian
6743.jpg,31,Male,Asian
6744.jpg,31,Male,White
6752.jpg,30,Male,Asian
6754.jpg,28,Male,Asian
6755.jpg,30,Male,White
6759.jpg,30,Male,Middle Eastern
6763.jpg,29,Male,Asian
6764.jpg,32,Male,White
6765.jpg,24,Male,Middle Eastern
6768.jpg,27,Male,Asian
6769.jpg,27,Male,Asian
6773.jpg,31,Male,Asian
6777.jpg,27,Male,Asian
678.jpg,26,Male,Black
6780.jpg,32,Male,Black
6781.jpg,28,Male,White
6784.jpg,23,Male,Asian
6785.jpg,24,Male,White
6787.jpg,29,Male,Indian
6790.jpg,23,Male,Middle Eastern
6791.jpg,30,Male,White
680.jpg,36,Male,Black
6804.jpg,37,Female,Asian
6808.jpg,30,Male,White
6810.jpg,28,Male,Asian
6811.jpg,30,Male,Middle Eastern
6821.jpg,27,Male,White
6824.jpg,29,Male,Asian
6827.jpg,23,Male,White
6829.jpg,30,Male,Middle Eastern
683.jpg,30,Male,Asian
6830.jpg,32,Male,Indian
6832.jpg,34,Male,Indian
6833.jpg,22,Male,Middle Eastern
684.jpg,28,Male,Black
6841.jpg,27,Female,Latino_Hispanic
6848.jpg,23,Male,White
686.jpg,30,Male,Latino_Hispanic
6861.jpg,34,Male,Black
6862.jpg,33,Male,Asian
6866.jpg,26,Male,Middle Eastern
6869.jpg,32,Male,Black
6872.jpg,27,Male,Black
6876.jpg,33,Male,Indian
6878.jpg,30,Male,White
6880.jpg,39,Male,Asian
6881.jpg,36,Male,Asian
6882.jpg,41,Male,Indian
6885.jpg,36,Male,White
6886.jpg,27,Male,Indian
6887.jpg,27,Male,Latino_Hispanic
6890.jpg,25,Male,Latino_Hispanic
6891.jpg,36,Female,White
6892.jpg,25,Male,Asian
6893.jpg,28,Male,Asian
6898.jpg,38,Male,Black
6899.jpg,34,Female,Latino_Hispanic
6906.jpg,24,Male,Black
6907.jpg,29,Male,Latino_Hispanic
6910.jpg,34,Male,Middle Eastern
6913.jpg,28,Male,White
6914.jpg,33,Male,Black
6916.jpg,34,Male,Latino_Hispanic
692.jpg,38,Male,White
6921.jpg,30,Female,Asian
6922.jpg,36,Male,Middle Eastern
6924.jpg,33,Male,Middle Eastern
6926.jpg,36,Male,Asian
693.jpg,31,Male,White
6930.jpg,29,Male,Middle Eastern
6933.jpg,27,Male,White
6940.jpg,28,Male,Asian
6944.jpg,34,Male,Asian
6945.jpg,31,Male,Asian
6950.jpg,24,Male,Asian
6952.jpg,29,Male,Asian
6953.jpg,30,Male,Asian
6954.jpg,29,Male,Latino_Hispanic
6957.jpg,33,Male,White
696.jpg,26,Male,Middle Eastern
6960.jpg,22,Male,White
6963.jpg,26,Male,Latino_Hispanic
6964.jpg,33,Male,Asian
697.jpg,36,Female,Indian
6973.jpg,24,Male,Asian
6975.jpg,36,Male,White
698.jpg,32,Male,Black
6984.jpg,29,Male,Black
6987.jpg,29,Male,White
6988.jpg,23,Male,Latino_Hispanic
6989.jpg,35,Male,Latino_Hispanic
6990.jpg,28,Male,Asian
6991.jpg,34,Male,White
6994.jpg,30,Male,Asian
6996.jpg,25,Male,Black
6998.jpg,27,Male,Asian
7.jpg,30,Male,White
70.jpg,24,Male,Black
7000.jpg,32,Male,Black
7001.jpg,36,Male,Black
7005.jpg,29,Female,Asian
7015.jpg,23,Male,Indian
7018.jpg,33,Female,Asian
7022.jpg,29,Male,Asian
7026.jpg,23,Male,Middle Eastern
7029.jpg,38,Male,Asian
7030.jpg,41,Male,Asian
7031.jpg,35,Male,Asian
7033.jpg,29,Male,Asian
7034.jpg,32,Male,Black
7038.jpg,33,Female,Asian
7039.jpg,24,Male,Black
704.jpg,31,Male,Latino_Hispanic
7041.jpg,33,Male,Asian
7053.jpg,31,Male,Asian
7056.jpg,29,Male,Middle Eastern
7057.jpg,27,Male,Middle Eastern
7058.jpg,26,Male,Indian
7059.jpg,30,Female,White
7060.jpg,23,Male,Asian
7064.jpg,28,Male,Asian
7065.jpg,27,Male,Asian
7069.jpg,30,Male,Asian
7071.jpg,28,Male,Middle Eastern
7073.jpg,24,Male,Asian
7075.jpg,28,Female,White
7078.jpg,47,Male,Asian
7083.jpg,27,Male,Indian
7084.jpg,29,Male,Latino_Hispanic
7086.jpg,24,Male,Latino_Hispanic
7090.jpg,35,Female,White
7092.jpg,29,Male,Black
7093.jpg,29,Male,White
7095.jpg,30,Male,Latino_Hispanic
7097.jpg,30,Male,Middle Eastern
7098.jpg,26,Male,White
71.jpg,39,Male,Asian
7100.jpg,29,Male,Asian
7102.jpg,30,Male,Black
7108.jpg,33,Male,Latino_Hispanic
711.jpg,31,Male,White
7110.jpg,27,Male,Black
7111.jpg,26,Male,White
7118.jpg,36,Male,Middle Eastern
7119.jpg,29,Male,Middle Eastern
712.jpg,28,Male,White
7121.jpg,25,Male,Asian
7123.jpg,23,Female,Latino_Hispanic
7124.jpg,26,Male,Middle Eastern
7125.jpg,24,Male,White
7126.jpg,28,Male,Indian
7127.jpg,25,Male,White
7129.jpg,35,Female,Latino_Hispanic
7131.jpg,27,Male,Latino_Hispanic
7132.jpg,22,Male,White
7133.jpg,32,Male,Latino_Hispanic
7136.jpg,27,Male,Asian
7138.jpg,26,Male,White
7144.jpg,31,Female,Latino_Hispanic
7150.jpg,30,Male,White
7156.jpg,38,Male,Indian
7166.jpg,33,Male,White
7170.jpg,27,Male,Latino_Hispanic
7171.jpg,31,Female,Latino_Hispanic
7172.jpg,34,Female,Asian
7176.jpg,33,Male,Latino_Hispanic
7182.jpg,24,Male,Black
7183.jpg,33,Male,Indian
7186.jpg,28,Male,Asian
7187.jpg,31,Male,Asian
7188.jpg,32,Female,Asian
7192.jpg,27,Male,White
7193.jpg,36,Male,White
7194.jpg,27,Male,Indian
7198.jpg,25,Male,White
7199.jpg,33,Male,White
72.jpg,28,Male,White
7202.jpg,28,Male,Asian
7205.jpg,32,Male,Black
7210.jpg,32,Male,Asian
7213.jpg,33,Female,White
7215.jpg,29,Male,Black
7219.jpg,34,Male,White
722.jpg,29,Male,Latino_Hispanic
7220.jpg,29,Male,Latino_Hispanic
7228.jpg,27,Male,Latino_Hispanic
7229.jpg,32,Female,White
7230.jpg,28,Male,White
7238.jpg,30,Female,White
7239.jpg,32,Male,Indian
7240.jpg,25,Male,Black
7242.jpg,28,Male,White
7243.jpg,35,Female,Asian
7245.jpg,33,Male,White
7246.jpg,33,Male,Black
7247.jpg,26,Male,Black
7249.jpg,40,Female,Asian
7252.jpg,29,Male,Latino_Hispanic
7255.jpg,26,Male,Asian
7258.jpg,30,Male,Latino_Hispanic
7261.jpg,29,Male,White
7262.jpg,30,Male,Indian
7263.jpg,32,Male,Asian
7265.jpg,28,Female,Asian
7266.jpg,29,Male,Asian
7268.jpg,26,Male,Latino_Hispanic
727.jpg,27,Male,Asian
7270.jpg,35,Male,Black
7277.jpg,28,Male,Indian
7281.jpg,26,Male,White
7284.jpg,33,Male,Middle Eastern
7286.jpg,27,Male,Indian
7287.jpg,28,Male,Black
729.jpg,27,Male,Latino_Hispanic
7291.jpg,35,Female,Black
7295.jpg,35,Male,Indian
7296.jpg,28,Male,Latino_Hispanic
7298.jpg,26,Male,Latino_Hispanic
7300.jpg,28,Male,Indian
7301.jpg,33,Male,Asian
7304.jpg,28,Female,Asian
7306.jpg,33,Male,Latino_Hispanic
7313.jpg,44,Male,Asian
7317.jpg,28,Male,Middle Eastern
7319.jpg,23,Male,Asian
7320.jpg,32,Male,Black
7325.jpg,28,Male,Latino_Hispanic
7330.jpg,39,Male,Middle Eastern
7332.jpg,33,Male,Indian
7333.jpg,38,Male,Black
734.jpg,26,Female,Asian
7342.jpg,32,Female,White
7347.jpg,29,Male,Asian
735.jpg,29,Male,Middle Eastern
7353.jpg,38,Male,Middle Eastern
7355.jpg,33,Female,White
7356.jpg,26,Male,Black
7357.jpg,32,Female,White
7359.jpg,31,Male,White
7361.jpg,29,Male,Asian
7362.jpg,26,Male,Asian
7367.jpg,24,Male,Middle Eastern
7368.jpg,23,Male,White
7369.jpg,24,Male,Indian
7370.jpg,35,Male,Middle Eastern
7372.jpg,24,Male,White
7378.jpg,30,Male,Latino_Hispanic
738.jpg,24,Male,Asian
7380.jpg,29,Male,Middle Eastern
7382.jpg,23,Male,Latino_Hispanic
7384.jpg,23,Male,Asian
7390.jpg,26,Male,Asian
7392.jpg,25,Male,Latino_Hispanic
7394.jpg,29,Male,Asian
740.jpg,36,Male,White
7401.jpg,30,Female,White
7402.jpg,23,Male,White
7406.jpg,46,Male,Asian
7409.jpg,26,Female,White
7410.jpg,30,Female,White
7411.jpg,36,Female,Latino_Hispanic
7412.jpg,25,Male,White
7414.jpg,26,Male,Indian
7417.jpg,23,Male,White
7418.jpg,30,Male,White
7423.jpg,33,Male,White
7428.jpg,22,Male,Asian
7434.jpg,34,Male,Black
7436.jpg,28,Male,White
7440.jpg,35,Female,Asian
7442.jpg,24,Male,Asian
7443.jpg,31,Female,Asian
7452.jpg,29,Male,Black
7454.jpg,30,Male,Latino_Hispanic
746.jpg,27,Female,Asian
7461.jpg,30,Male,Indian
7466.jpg,34,Male,Asian
7467.jpg,27,Male,Asian
7468.jpg,29,Male,Middle Eastern
7473.jpg,26,Female,White
7477.jpg,28,Female,Asian
7481.jpg,30,Male,Latino_Hispanic
7488.jpg,27,Male,Asian
7491.jpg,26,Male,White
7492.jpg,34,Male,Asian
7495.jpg,37,Male,Latino_Hispanic
7496.jpg,30,Male,Black
7500.jpg,28,Male,White
7502.jpg,29,Male,Indian
7503.jpg,24,Male,Middle Eastern
7509.jpg,28,Male,Latino_Hispanic
751.jpg,31,Female,Asian
7512.jpg,23,Male,Indian
7514.jpg,26,Male,Latino_Hispanic
752.jpg,29,Male,Asian
7522.jpg,23,Male,Latino_Hispanic
7523.jpg,28,Male,Asian
7525.jpg,33,Male,Black
7526.jpg,35,Male,Asian
7529.jpg,29,Male,Middle Eastern
753.jpg,30,Female,Black
7530.jpg,32,Male,Asian
7532.jpg,25,Male,White
7533.jpg,30,Male,White
7540.jpg,29,Male,White
7541.jpg,25,Male,Latino_Hispanic
7543.jpg,40,Male,Middle Eastern
7546.jpg,25,Female,Asian
7547.jpg,25,Male,Latino_Hispanic
755.jpg,34,Female,Asian
7558.jpg,33,Female,Asian
7561.jpg,26,Female,Asian
7565.jpg,30,Male,Asian
7569.jpg,27,Male,White
7575.jpg,35,Male,Black
7578.jpg,27,Male,White
7582.jpg,30,Male,Indian
7584.jpg,25,Male,Asian
7587.jpg,29,Male,Black
7588.jpg,25,Male,White
7591.jpg,24,Male,Latino_Hispanic
7595.jpg,39,Male,Asian
7596.jpg,32,Female,Black
7599.jpg,24,Male,Asian
7605.jpg,29,Male,Latino_Hispanic
7608.jpg,38,Male,Asian
7614.jpg,24,Female,White
7615.jpg,34,Male,Indian
7618.jpg,29,Male,Indian
7622.jpg,28,Male,Asian
7624.jpg,36,Male,White
7625.jpg,28,Female,Middle Eastern
7631.jpg,28,Male,Indian
764.jpg,25,Female,White
7641.jpg,27,Male,Indian
7642.jpg,22,Male,Asian
7644.jpg,32,Male,Asian
7645.jpg,30,Female,Asian
765.jpg,34,Male,Asian
7652.jpg,31,Female,White
7658.jpg,25,Male,Black
766.jpg,28,Male,Indian
7660.jpg,27,Male,Middle Eastern
7662.jpg,35,Female,Asian
7663.jpg,32,Male,Middle Eastern
7664.jpg,25,Male,Asian
7665.jpg,32,Male,Asian
767.jpg,37,Male,Latino_Hispanic
7675.jpg,31,Female,Asian
7676.jpg,31,Male,White
7677.jpg,26,Male,Asian
7678.jpg,31,Female,Asian
768.jpg,27,Male,White
7687.jpg,21,Male,Asian
769.jpg,27,Male,Indian
7691.jpg,35,Male,Black
7692.jpg,27,Male,Black
7693.jpg,46,Male,Latino_Hispanic
7694.jpg,29,Male,Black
7697.jpg,28,Male,White
7698.jpg,32,Male,Latino_Hispanic
7699.jpg,32,Female,Asian
77.jpg,28,Male,White
770.jpg,24,Male,Indian
7701.jpg,30,Male,Middle Eastern
7705.jpg,40,Male,Middle Eastern
7706.jpg,36,Male,White
7709.jpg,25,Male,Asian
7717.jpg,42,Male,White
772.jpg,32,Male,Latino_Hispanic
7728.jpg,25,Male,Asian
773.jpg,26,Male,Middle Eastern
7730.jpg,28,Female,Indian
7733.jpg,27,Male,Black
7734.jpg,31,Female,Asian
7738.jpg,29,Male,Asian
7739.jpg,25,Male,Asian
7742.jpg,33,Female,Asian
7743.jpg,31,Male,Asian
7745.jpg,34,Male,Black
7749.jpg,26,Male,White
775.jpg,32,Male,White
7753.jpg,32,Male,Black
7759.jpg,26,Male,Latino_Hispanic
7760.jpg,27,Male,Asian
7761.jpg,28,Male,Latino_Hispanic
7764.jpg,25,Male,Middle Eastern
7768.jpg,25,Male,Asian
7771.jpg,32,Male,Latino_Hispanic
7772.jpg,24,Male,Middle Eastern
7773.jpg,26,Female,Asian
7774.jpg,34,Male,Indian
7776.jpg,25,Male,White
778.jpg,24,Male,Middle Eastern
7783.jpg,33,Male,Latino_Hispanic
7785.jpg,28,Female,Indian
7788.jpg,28,Male,Indian
779.jpg,23,Male,White
7793.jpg,30,Male,Indian
7795.jpg,25,Male,Asian
780.jpg,31,Male,Indian
7801.jpg,26,Male,Middle Eastern
7803.jpg,28,Male,Asian
7808.jpg,28,Male,White
7810.jpg,28,Male,Black
7812.jpg,30,Male,White
7815.jpg,28,Male,White
7817.jpg,26,Male,Black
7819.jpg,25,Male,Latino_Hispanic
7820.jpg,26,Male,Latino_Hispanic
7821.jpg,22,Male,Asian
7822.jpg,29,Female,Latino_Hispanic
7825.jpg,41,Male,Asian
7828.jpg,31,Male,Black
7837.jpg,31,Male,Middle Eastern
7849.jpg,29,Male,Black
7852.jpg,40,Female,Black
7853.jpg,37,Male,Asian
7854.jpg,39,Male,Middle Eastern
7857.jpg,25,Male,Asian
7859.jpg,26,Male,Asian
786.jpg,32,Female,Asian
7861.jpg,29,Male,White
7863.jpg,30,Male,White
7864.jpg,23,Male,Latino_Hispanic
7868.jpg,32,Male,Asian
7872.jpg,29,Male,Latino_Hispanic
7877.jpg,30,Male,Latino_Hispanic
788.jpg,26,Male,White
7882.jpg,28,Male,Asian
7883.jpg,29,Male,White
7885.jpg,29,Male,Black
7890.jpg,46,Male,White
7891.jpg,29,Male,Latino_Hispanic
7894.jpg,25,Male,Black
7896.jpg,22,Male,White
7898.jpg,25,Male,Indian
7903.jpg,30,Male,Middle Eastern
7906.jpg,36,Male,Asian
7907.jpg,27,Female,Asian
791.jpg,26,Male,Middle Eastern
7914.jpg,36,Male,White
7916.jpg,30,Female,Latino_Hispanic
7922.jpg,29,Male,Middle Eastern
7924.jpg,34,Male,Asian
7926.jpg,30,Male,Asian
7927.jpg,28,Male,Asian
7929.jpg,39,Female,Latino_Hispanic
7933.jpg,28,Male,Asian
7935.jpg,26,Male,Latino_Hispanic
7936.jpg,28,Male,Asian
7937.jpg,24,Male,Asian
7938.jpg,37,Male,Black
7939.jpg,28,Male,White
794.jpg,25,Male,Latino_Hispanic
7945.jpg,28,Male,Asian
7947.jpg,24,Male,White
7950.jpg,32,Male,Indian
7952.jpg,29,Male,Indian
7953.jpg,30,Male,Indian
7957.jpg,26,Male,Middle Eastern
7958.jpg,23,Male,Middle Eastern
7960.jpg,40,Male,White
7961.jpg,30,Male,Asian
7965.jpg,37,Male,Indian
797.jpg,35,Female,Asian
7970.jpg,26,Male,Asian
7974.jpg,26,Male,Asian
7977.jpg,26,Male,Asian
7978.jpg,32,Female,Asian
7979.jpg,29,Male,Asian
7980.jpg,30,Male,Indian
7981.jpg,25,Male,Middle Eastern
7982.jpg,25,Male,Asian
7984.jpg,31,Female,Asian
7985.jpg,33,Male,Asian
7993.jpg,28,Male,Latino_Hispanic
800.jpg,27,Male,White
8003.jpg,30,Male,Asian
8006.jpg,23,Male,Black
8008.jpg,31,Female,Asian
8009.jpg,30,Male,Black
801.jpg,25,Male,Asian
8013.jpg,30,Male,White
8016.jpg,25,Male,Asian
8018.jpg,41,Male,Asian
8024.jpg,30,Male,Middle Eastern
8027.jpg,30,Male,Latino_Hispanic
8028.jpg,34,Female,Asian
8030.jpg,35,Male,Latino_Hispanic
8042.jpg,26,Male,Asian
8043.jpg,26,Male,Black
8044.jpg,33,Female,White
8046.jpg,25,Male,White
8047.jpg,47,Male,White
8048.jpg,31,Male,Asian
805.jpg,25,Male,Black
8053.jpg,27,Male,Latino_Hispanic
8058.jpg,28,Male,Asian
8059.jpg,34,Female,Middle Eastern
806.jpg,25,Male,Latino_Hispanic
8060.jpg,30,Male,Middle Eastern
8067.jpg,25,Male,Black
8069.jpg,35,Male,Indian
8070.jpg,32,Male,Asian
8075.jpg,30,Female,Latino_Hispanic
8079.jpg,29,Male,White
8082.jpg,29,Male,Asian
8084.jpg,29,Male,Asian
8092.jpg,28,Male,White
8096.jpg,24,Male,Asian
8099.jpg,26,Male,Asian
8100.jpg,29,Female,Asian
8109.jpg,27,Male,Asian
811.jpg,28,Female,White
8113.jpg,31,Male,Asian
8119.jpg,25,Male,Indian
8122.jpg,37,Male,Black
8123.jpg,26,Male,Latino_Hispanic
8132.jpg,29,Male,Middle Eastern
8143.jpg,24,Male,Latino_Hispanic
8144.jpg,40,Male,Asian
8145.jpg,31,Male,White
8148.jpg,51,Male,Latino_Hispanic
8152.jpg,25,Male,Indian
8161.jpg,31,Male,Black
8162.jpg,29,Male,Asian
8165.jpg,32,Female,Asian
8169.jpg,32,Female,Asian
8172.jpg,24,Male,Indian
8175.jpg,27,Male,Indian
8176.jpg,35,Male,Black
8179.jpg,37,Female,White
818.jpg,26,Female,Asian
8180.jpg,36,Male,Latino_Hispanic
8181.jpg,28,Male,Latino_Hispanic
8186.jpg,26,Male,Black
8198.jpg,27,Male,White
820.jpg,29,Male,White
8205.jpg,31,Male,Asian
8206.jpg,27,Male,Asian
8207.jpg,35,Male,White
8209.jpg,41,Male,Middle Eastern
8221.jpg,26,Female,Asian
8227.jpg,29,Female,Black
8228.jpg,27,Male,Asian
8238.jpg,25,Male,White
8240.jpg,28,Male,Asian
8247.jpg,27,Male,Latino_Hispanic
8249.jpg,28,Female,Asian
8251.jpg,37,Male,White
8258.jpg,22,Male,Latino_Hispanic
8265.jpg,33,Male,Asian
8268.jpg,31,Male,Indian
8272.jpg,36,Male,Middle Eastern
8273.jpg,26,Male,Black
8274.jpg,26,Male,Asian
8279.jpg,28,Male,Asian
8280.jpg,27,Male,Black
8283.jpg,32,Male,Middle Eastern
8286.jpg,38,Male,Asian
8290.jpg,43,Male,Indian
8292.jpg,28,Female,Asian
8299.jpg,25,Male,Asian
8301.jpg,22,Male,Indian
8302.jpg,33,Male,Latino_Hispanic
8303.jpg,27,Female,White
831.jpg,29,Male,Middle Eastern
8312.jpg,25,Male,Asian
8325.jpg,30,Male,Asian
833.jpg,28,Male,Latino_Hispanic
8330.jpg,32,Female,White
8332.jpg,36,Male,White
8334.jpg,37,Female,Indian
8340.jpg,24,Male,Latino_Hispanic
8345.jpg,44,Male,Middle Eastern
8346.jpg,24,Male,Latino_Hispanic
8351.jpg,27,Male,Indian
8352.jpg,27,Male,White
8354.jpg,29,Male,Asian
8358.jpg,30,Male,Asian
8359.jpg,39,Male,Asian
8362.jpg,23,Male,Asian
8364.jpg,32,Male,Black
8369.jpg,33,Female,Latino_Hispanic
8372.jpg,24,Male,Middle Eastern
8374.jpg,26,Male,Latino_Hispanic
8375.jpg,28,Male,Asian
8376.jpg,30,Male,Middle Eastern
8377.jpg,33,Male,Latino_Hispanic
8378.jpg,35,Male,Black
8379.jpg,29,Male,Asian
8380.jpg,29,Male,Black
8386.jpg,27,Male,Middle Eastern
8387.jpg,30,Male,Indian
8389.jpg,31,Male,Asian
8392.jpg,32,Male,White
8395.jpg,24,Male,Asian
8399.jpg,32,Male,Asian
840.jpg,23,Male,Asian
8400.jpg,24,Male,Asian
8409.jpg,30,Male,Black
8410.jpg,26,Male,Indian
8411.jpg,38,Male,Black
8413.jpg,28,Male,Latino_Hispanic
8415.jpg,26,Male,White
8416.jpg,24,Male,Latino_Hispanic
8419.jpg,35,Male,White
8422.jpg,31,Male,Asian
8426.jpg,34,Female,Latino_Hispanic
8436.jpg,28,Male,Asian
8438.jpg,24,Male,Black
844.jpg,29,Male,Latino_Hispanic
8442.jpg,24,Male,White
8443.jpg,33,Female,Latino_Hispanic
845.jpg,27,Male,Asian
8451.jpg,31,Male,Latino_Hispanic
8454.jpg,34,Male,Black
8456.jpg,38,Male,Latino_Hispanic
8458.jpg,26,Male,Asian
846.jpg,25,Male,Indian
8462.jpg,28,Male,Asian
8465.jpg,25,Male,White
8466.jpg,28,Male,White
8469.jpg,30,Male,Asian
8471.jpg,26,Male,Asian
8473.jpg,28,Male,Latino_Hispanic
8477.jpg,31,Male,Latino_Hispanic
8479.jpg,26,Male,Asian
848.jpg,32,Male,White
8481.jpg,30,Male,White
8485.jpg,37,Male,Asian
8490.jpg,27,Male,Latino_Hispanic
850.jpg,29,Male,Indian
8503.jpg,34,Male,Latino_Hispanic
8506.jpg,32,Male,Indian
8507.jpg,29,Male,Middle Eastern
8508.jpg,27,Male,Asian
8509.jpg,30,Male,Asian
851.jpg,25,Male,Middle Eastern
8512.jpg,30,Male,Middle Eastern
8513.jpg,24,Male,White
8514.jpg,23,Male,Latino_Hispanic
8515.jpg,29,Male,Latino_Hispanic
8521.jpg,32,Male,White
8524.jpg,32,Male,White
8525.jpg,25,Male,Black
8529.jpg,36,Male,Asian
853.jpg,33,Male,Asian
8534.jpg,30,Male,Asian
8536.jpg,28,Male,Black
8539.jpg,32,Male,Asian
8541.jpg,31,Male,Black
8543.jpg,42,Male,Middle Eastern
8549.jpg,22,Male,White
8553.jpg,27,Female,Asian
8557.jpg,33,Male,Black
856.jpg,30,Male,White
8566.jpg,29,Male,Latino_Hispanic
8569.jpg,23,Male,Latino_Hispanic
8571.jpg,24,Male,Asian
8574.jpg,29,Female,Black
8577.jpg,28,Male,Middle Eastern
8578.jpg,23,Male,Middle Eastern
858.jpg,23,Male,Black
8582.jpg,26,Male,Latino_Hispanic
8583.jpg,25,Male,White
8584.jpg,37,Male,Indian
8586.jpg,32,Male,White
8593.jpg,30,Male,Asian
8597.jpg,35,Male,White
8599.jpg,32,Male,Black
860.jpg,25,Male,Asian
8603.jpg,27,Male,Latino_Hispanic
8606.jpg,32,Male,Latino_Hispanic
8611.jpg,27,Male,Black
8614.jpg,25,Male,Black
8616.jpg,26,Male,White
8617.jpg,31,Male,Asian
8619.jpg,30,Male,White
8621.jpg,30,Male,Asian
8624.jpg,30,Male,Asian
8625.jpg,31,Male,Asian
8630.jpg,28,Male,Latino_Hispanic
8635.jpg,31,Male,Indian
8637.jpg,32,Male,Asian
8638.jpg,25,Male,Middle Eastern
8643.jpg,32,Female,Asian
8644.jpg,28,Female,Asian
8646.jpg,25,Male,Asian
865.jpg,25,Male,White
8654.jpg,27,Male,White
8657.jpg,30,Male,White
8659.jpg,25,Male,Latino_Hispanic
866.jpg,24,Male,White
8666.jpg,29,Male,Black
8669.jpg,29,Male,Black
8673.jpg,26,Male,Latino_Hispanic
8679.jpg,41,Male,Black
868.jpg,33,Male,Latino_Hispanic
8686.jpg,25,Male,Black
8688.jpg,29,Male,Asian
8689.jpg,23,Male,Latino_Hispanic
8691.jpg,32,Male,Latino_Hispanic
8693.jpg,30,Male,White
8694.jpg,38,Male,Indian
8697.jpg,28,Male,Asian
8698.jpg,27,Male,Latino_Hispanic
8703.jpg,24,Male,Black
8708.jpg,24,Male,Asian
871.jpg,25,Male,Asian
8711.jpg,31,Male,Black
8713.jpg,30,Male,White
8714.jpg,29,Male,Middle Eastern
8718.jpg,31,Female,Latino_Hispanic
8719.jpg,34,Male,White
872.jpg,25,Male,Latino_Hispanic
8723.jpg,27,Male,Asian
8724.jpg,29,Male,Asian
8727.jpg,32,Male,White
8736.jpg,34,Male,Asian
8737.jpg,26,Male,Black
874.jpg,33,Male,Black
8747.jpg,29,Male,Black
875.jpg,32,Male,Asian
8753.jpg,31,Male,Black
8759.jpg,28,Male,White
876.jpg,33,Male,White
8765.jpg,39,Male,White
8766.jpg,33,Male,Asian
8767.jpg,36,Male,White
8768.jpg,35,Male,White
8769.jpg,35,Male,Latino_Hispanic
8772.jpg,37,Male,Black
8773.jpg,32,Female,Asian
8775.jpg,25,Male,White
8778.jpg,41,Male,Indian
8781.jpg,33,Male,White
8783.jpg,26,Male,Indian
8785.jpg,30,Male,Asian
8786.jpg,31,Female,Asian
8789.jpg,39,Female,Middle Eastern
8790.jpg,33,Male,Latino_Hispanic
8792.jpg,39,Male,Indian
8794.jpg,31,Female,White
8796.jpg,29,Female,Asian
8798.jpg,31,Male,Asian
88.jpg,30,Male,Black
8803.jpg,25,Male,Asian
8804.jpg,32,Female,Asian
8808.jpg,26,Male,White
8809.jpg,26,Male,Black
881.jpg,25,Male,Latino_Hispanic
8814.jpg,40,Male,White
8815.jpg,29,Female,Latino_Hispanic
8819.jpg,32,Male,Indian
882.jpg,30,Female,White
8821.jpg,37,Male,Latino_Hispanic
8822.jpg,26,Male,Latino_Hispanic
8823.jpg,25,Male,Black
8825.jpg,33,Female,Latino_Hispanic
8832.jpg,30,Female,White
8833.jpg,28,Male,Asian
8835.jpg,25,Male,White
884.jpg,37,Male,Latino_Hispanic
885.jpg,34,Male,Black
8851.jpg,28,Male,Black
8853.jpg,31,Male,Asian
8856.jpg,28,Male,Asian
8857.jpg,33,Male,Asian
8860.jpg,38,Male,Latino_Hispanic
8867.jpg,23,Male,White
8868.jpg,31,Male,Middle Eastern
887.jpg,30,Female,Asian
8873.jpg,26,Male,Indian
8882.jpg,26,Male,Middle Eastern
8884.jpg,25,Male,Asian
8885.jpg,26,Male,Asian
8886.jpg,35,Female,White
8891.jpg,43,Male,White
8895.jpg,27,Male,Indian
8896.jpg,33,Male,Black
8898.jpg,33,Female,Asian
890.jpg,31,Male,Asian
8901.jpg,25,Male,Asian
8903.jpg,26,Male,Asian
8905.jpg,23,Male,Asian
8908.jpg,30,Male,Black
891.jpg,30,Female,Latino_Hispanic
8910.jpg,26,Male,Black
8912.jpg,24,Male,Middle Eastern
8913.jpg,28,Male,White
8917.jpg,29,Female,White
8918.jpg,29,Male,Asian
8919.jpg,31,Male,Asian
892.jpg,28,Male,Asian
8921.jpg,25,Male,White
8922.jpg,23,Male,Asian
8923.jpg,26,Male,Latino_Hispanic
8924.jpg,25,Male,Middle Eastern
8930.jpg,27,Male,Latino_Hispanic
8933.jpg,32,Female,Middle Eastern
8934.jpg,34,Female,Indian
8935.jpg,31,Female,Latino_Hispanic
8938.jpg,38,Male,Black
8944.jpg,29,Male,White
8945.jpg,28,Female,Indian
8949.jpg,27,Female,White
895.jpg,34,Female,Latino_Hispanic
8950.jpg,24,Male,White
8951.jpg,29,Male,Asian
8952.jpg,25,Male,Black
8955.jpg,28,Female,Latino_Hispanic
8957.jpg,36,Male,Black
8958.jpg,39,Male,Indian
8959.jpg,40,Male,Asian
8961.jpg,35,Female,White
8962.jpg,27,Male,Black
8966.jpg,29,Male,Latino_Hispanic
8968.jpg,30,Male,Indian
8971.jpg,34,Male,White
8972.jpg,29,Male,White
8976.jpg,26,Male,Middle Eastern
8977.jpg,31,Male,White
898.jpg,36,Male,Black
8982.jpg,36,Male,Middle Eastern
8985.jpg,29,Female,Asian
8986.jpg,37,Male,White
8988.jpg,28,Male,Asian
8996.jpg,25,Male,Asian
8999.jpg,32,Male,Latino_Hispanic
9002.jpg,33,Female,White
9003.jpg,31,Male,Asian
9004.jpg,32,Male,Indian
9006.jpg,38,Male,Black
9007.jpg,27,Male,Asian
9010.jpg,32,Male,Middle Eastern
9012.jpg,21,Male,White
9015.jpg,27,Male,Black
9016.jpg,30,Male,Black
9019.jpg,32,Female,Black
9022.jpg,32,Male,Middle Eastern
9024.jpg,25,Male,Latino_Hispanic
9031.jpg,31,Female,White
9034.jpg,27,Male,Indian
9036.jpg,33,Female,Latino_Hispanic
9039.jpg,33,Male,Indian
9051.jpg,32,Male,Indian
9052.jpg,26,Male,Latino_Hispanic
9055.jpg,33,Male,White
9061.jpg,43,Male,Black
9063.jpg,30,Male,Indian
9065.jpg,32,Male,Indian
9067.jpg,28,Male,Asian
9069.jpg,27,Male,White
9071.jpg,27,Male,Asian
9076.jpg,29,Male,Asian
9079.jpg,28,Male,Asian
9083.jpg,26,Male,White
9084.jpg,32,Male,Asian
9087.jpg,30,Male,Asian
9093.jpg,32,Male,White
9094.jpg,26,Male,Latino_Hispanic
9096.jpg,31,Female,Asian
9097.jpg,31,Male,Black
910.jpg,36,Female,Black
9102.jpg,30,Male,Middle Eastern
9103.jpg,26,Male,Asian
9104.jpg,26,Male,White
9105.jpg,27,Female,Latino_Hispanic
9107.jpg,27,Male,Asian
9113.jpg,27,Male,Latino_Hispanic
9115.jpg,45,Male,White
9118.jpg,25,Male,White
912.jpg,34,Male,Black
9120.jpg,25,Male,Asian
9122.jpg,33,Male,Indian
9125.jpg,31,Male,Indian
9127.jpg,30,Male,Black
9128.jpg,34,Male,Asian
9130.jpg,28,Male,Latino_Hispanic
9131.jpg,27,Male,Black
9137.jpg,28,Male,Latino_Hispanic
9140.jpg,32,Male,Asian
9143.jpg,32,Male,Middle Eastern
9144.jpg,24,Male,White
9148.jpg,33,Male,White
915.jpg,24,Male,Black
9153.jpg,29,Male,White
9156.jpg,34,Male,Asian
9157.jpg,25,Male,Middle Eastern
9161.jpg,27,Male,Middle Eastern
9165.jpg,35,Male,Asian
9171.jpg,25,Male,Latino_Hispanic
9174.jpg,28,Male,Black
9176.jpg,30,Male,Black
9184.jpg,32,Female,Asian
9188.jpg,31,Male,Black
919.jpg,25,Male,Black
9194.jpg,26,Male,Asian
9202.jpg,40,Male,White
9206.jpg,24,Male,Indian
9213.jpg,32,Female,Asian
9223.jpg,27,Male,Asian
9224.jpg,37,Male,Indian
9228.jpg,32,Male,Black
9229.jpg,28,Male,White
9230.jpg,23,Male,White
9242.jpg,29,Male,White
9243.jpg,27,Male,Asian
9244.jpg,32,Male,Indian
9247.jpg,26,Male,Middle Eastern
9251.jpg,26,Male,White
9253.jpg,49,Male,Latino_Hispanic
9258.jpg,24,Female,Asian
9259.jpg,28,Female,Asian
926.jpg,29,Female,Asian
9261.jpg,33,Male,White
9262.jpg,35,Male,Asian
9264.jpg,29,Male,White
9269.jpg,34,Male,Middle Eastern
927.jpg,24,Male,Black
9272.jpg,24,Male,Asian
9274.jpg,33,Male,Asian
9277.jpg,39,Male,Indian
9278.jpg,26,Male,White
928.jpg,32,Male,White
9282.jpg,31,Male,Latino_Hispanic
9287.jpg,27,Male,White
9288.jpg,28,Female,Latino_Hispanic
929.jpg,29,Male,Black
9291.jpg,28,Male,Latino_Hispanic
9297.jpg,27,Male,Latino_Hispanic
9298.jpg,29,Male,Asian
9301.jpg,29,Male,Black
931.jpg,25,Male,Black
9312.jpg,33,Female,Asian
9313.jpg,27,Male,White
9317.jpg,38,Female,White
9321.jpg,32,Female,Asian
9323.jpg,28,Male,Latino_Hispanic
933.jpg,32,Male,Asian
9330.jpg,25,Male,White
9333.jpg,26,Male,Middle Eastern
9336.jpg,26,Male,Indian
9338.jpg,41,Male,Indian
934.jpg,25,Male,Asian
9340.jpg,43,Male,Black
9341.jpg,29,Female,Asian
9342.jpg,23,Male,Middle Eastern
9344.jpg,31,Male,Asian
9346.jpg,29,Male,Asian
9347.jpg,22,Male,White
9348.jpg,30,Male,Asian
9351.jpg,31,Male,White
9354.jpg,41,Male,Asian
9356.jpg,31,Male,Asian
9357.jpg,26,Male,Indian
9362.jpg,36,Female,Asian
9363.jpg,27,Male,Latino_Hispanic
9364.jpg,27,Male,Asian
9365.jpg,31,Male,Asian
9366.jpg,29,Male,Asian
937.jpg,31,Male,Middle Eastern
9372.jpg,26,Male,Black
9374.jpg,24,Male,Middle Eastern
9376.jpg,30,Female,White
9379.jpg,28,Female,White
9384.jpg,33,Male,Black
9387.jpg,27,Female,White
9389.jpg,37,Male,Asian
9391.jpg,27,Male,Asian
9392.jpg,27,Male,Black
9394.jpg,31,Male,Asian
9395.jpg,31,Female,Asian
9399.jpg,22,Male,Middle Eastern
94.jpg,37,Male,White
9407.jpg,26,Male,Black
9408.jpg,33,Male,Asian
941.jpg,33,Male,Asian
9412.jpg,28,Male,Asian
9419.jpg,29,Male,White
9423.jpg,26,Male,White
9424.jpg,27,Male,White
9425.jpg,23,Male,Asian
943.jpg,28,Male,Middle Eastern
9432.jpg,30,Male,White
9435.jpg,37,Male,Asian
9436.jpg,29,Male,Middle Eastern
9437.jpg,30,Male,Latino_Hispanic
9442.jpg,28,Male,Black
9444.jpg,31,Male,Asian
9447.jpg,29,Male,White
9451.jpg,30,Male,Black
9452.jpg,26,Male,Latino_Hispanic
9455.jpg,28,Male,Asian
9458.jpg,30,Male,White
9461.jpg,23,Male,Asian
9462.jpg,29,Male,Middle Eastern
9463.jpg,30,Male,Black
9467.jpg,24,Male,Black
947.jpg,32,Male,Black
9478.jpg,26,Male,White
9480.jpg,40,Male,White
9482.jpg,25,Male,Middle Eastern
9484.jpg,24,Male,Black
9486.jpg,23,Male,White
9487.jpg,27,Male,White
9488.jpg,26,Male,White
949.jpg,30,Female,White
9494.jpg,30,Male,Black
9499.jpg,33,Male,Indian
9503.jpg,44,Male,Asian
9509.jpg,24,Male,Asian
9511.jpg,29,Female,Latino_Hispanic
9516.jpg,30,Male,Asian
9519.jpg,27,Male,White
9522.jpg,43,Male,Latino_Hispanic
9529.jpg,24,Male,White
9531.jpg,31,Male,White
9532.jpg,26,Male,Asian
9533.jpg,28,Male,Black
9538.jpg,29,Male,Asian
9539.jpg,27,Male,Latino_Hispanic
9543.jpg,30,Female,Asian
9544.jpg,34,Male,Middle Eastern
9547.jpg,33,Male,Black
9548.jpg,31,Male,Asian
9551.jpg,28,Female,Latino_Hispanic
9555.jpg,34,Male,Latino_Hispanic
9557.jpg,25,Male,Asian
9559.jpg,31,Male,Asian
9562.jpg,26,Male,Asian
9563.jpg,29,Male,White
9564.jpg,32,Male,White
9567.jpg,31,Male,Latino_Hispanic
9569.jpg,28,Male,Latino_Hispanic
9572.jpg,31,Female,Asian
9574.jpg,29,Male,Black
9576.jpg,29,Male,Indian
9581.jpg,28,Male,Latino_Hispanic
9586.jpg,28,Male,Asian
9590.jpg,25,Male,Asian
9593.jpg,30,Male,Black
9597.jpg,40,Male,Asian
9600.jpg,30,Male,Middle Eastern
9601.jpg,28,Male,Asian
9603.jpg,27,Male,White
9610.jpg,27,Male,White
9613.jpg,39,Male,Black
9615.jpg,24,Male,Latino_Hispanic
962.jpg,27,Male,Latino_Hispanic
9624.jpg,24,Male,Asian
9628.jpg,31,Male,Asian
963.jpg,27,Male,Indian
9632.jpg,31,Female,Asian
9634.jpg,33,Male,White
9637.jpg,30,Male,Latino_Hispanic
9642.jpg,23,Male,Latino_Hispanic
9643.jpg,29,Male,Latino_Hispanic
9648.jpg,24,Male,White
9650.jpg,29,Male,White
9651.jpg,29,Female,Middle Eastern
9652.jpg,40,Male,Asian
9666.jpg,31,Male,Asian
9667.jpg,26,Female,White
9673.jpg,33,Male,Black
9674.jpg,27,Male,Latino_Hispanic
9679.jpg,35,Male,White
9681.jpg,32,Male,Black
9685.jpg,36,Male,White
97.jpg,31,Male,Latino_Hispanic
9705.jpg,24,Male,Latino_Hispanic
9709.jpg,32,Male,Asian
971.jpg,27,Male,Latino_Hispanic
9716.jpg,25,Male,White
9719.jpg,26,Male,Latino_Hispanic
9720.jpg,25,Male,Asian
9724.jpg,25,Male,Asian
9727.jpg,29,Female,Asian
9730.jpg,32,Male,White
9735.jpg,37,Male,Latino_Hispanic
9738.jpg,37,Female,White
9739.jpg,26,Male,Indian
9740.jpg,23,Female,Latino_Hispanic
9742.jpg,34,Male,White
9748.jpg,23,Male,White
9749.jpg,28,Male,Asian
975.jpg,31,Male,Asian
9752.jpg,30,Female,White
9754.jpg,31,Male,Asian
9758.jpg,35,Male,Black
9760.jpg,25,Male,Black
9764.jpg,28,Male,Asian
9765.jpg,27,Male,Indian
9768.jpg,34,Male,White
9771.jpg,27,Male,White
9773.jpg,36,Male,Asian
9774.jpg,32,Male,Asian
9775.jpg,28,Male,Middle Eastern
9776.jpg,30,Male,Asian
9781.jpg,37,Male,Latino_Hispanic
9782.jpg,31,Male,Middle Eastern
9784.jpg,31,Male,Middle Eastern
9787.jpg,29,Female,White
9792.jpg,28,Male,Asian
9793.jpg,39,Male,Middle Eastern
9797.jpg,29,Female,White
98.jpg,27,Male,Asian
9800.jpg,31,Male,Asian
9801.jpg,28,Male,Latino_Hispanic
9802.jpg,25,Male,Latino_Hispanic
9803.jpg,26,Male,Middle Eastern
9805.jpg,27,Male,Asian
9812.jpg,31,Female,Indian
9816.jpg,27,Female,White
9818.jpg,32,Male,Black
9819.jpg,30,Male,Asian
9820.jpg,29,Male,Asian
9821.jpg,28,Male,White
9823.jpg,23,Male,White
983.jpg,32,Male,Middle Eastern
9830.jpg,31,Female,Asian
9832.jpg,26,Male,Middle Eastern
9833.jpg,29,Female,Asian
9835.jpg,33,Male,Black
9837.jpg,28,Male,White
984.jpg,38,Male,Black
9845.jpg,33,Male,Indian
9854.jpg,31,Male,White
9855.jpg,33,Female,Latino_Hispanic
9856.jpg,32,Male,Latino_Hispanic
9867.jpg,32,Male,Asian
9868.jpg,29,Female,Latino_Hispanic
987.jpg,33,Female,White
9870.jpg,30,Male,Asian
9872.jpg,34,Female,White
9874.jpg,30,Female,Indian
9876.jpg,31,Male,White
9877.jpg,32,Male,Middle Eastern
9879.jpg,35,Male,White
9883.jpg,28,Male,Black
9896.jpg,27,Female,Latino_Hispanic
9898.jpg,26,Male,Asian
99.jpg,34,Male,Asian
990.jpg,33,Female,White
9905.jpg,46,Male,Latino_Hispanic
9906.jpg,28,Male,Asian
9909.jpg,28,Male,Middle Eastern
9911.jpg,35,Male,Latino_Hispanic
9914.jpg,29,Female,White
9916.jpg,30,Male,Asian
9918.jpg,32,Female,Asian
992.jpg,25,Male,Asian
9926.jpg,24,Male,Latino_Hispanic
9928.jpg,30,Male,White
993.jpg,32,Female,White
9930.jpg,40,Male,White
994.jpg,38,Male,Middle Eastern
9940.jpg,29,Female,Middle Eastern
9941.jpg,30,Male,Indian
9943.jpg,26,Male,Latino_Hispanic
9944.jpg,28,Male,Latino_Hispanic
9946.jpg,32,Female,Latino_Hispanic
9954.jpg,30,Male,Latino_Hispanic
9956.jpg,33,Male,White
9957.jpg,28,Male,White
996.jpg,26,Male,White
9962.jpg,24,Male,Black
9968.jpg,34,Male,Asian
9971.jpg,34,Male,Indian
9982.jpg,27,Male,Black
9984.jpg,24,Male,Indian
9985.jpg,25,Male,Black
9986.jpg,27,Male,White
9987.jpg,33,Male,Black
9997.jpg,35,Female,Black
